1,day_raw,station,type,1001,1003,1005,1007,1009,1011,1013,1015,1017,1019,1021,1023,1025,1027,1029,1031,1033,1035,1037,1039,1041,1043,1045,1047,1049,1051,1053,1055,1057,1059,1061,1063,1065,1067,1069,1071,1073,1075,1077,1079,1081,1083,1085,1087,1089,1091,1093,1095,1097,1099,1101,1103,1105,1107,1109,1111,1113,1115,1117,1119,1121,1123,1125,1127,1129,1131,1133,1135,1137,1139,1141,1143,1145,1147,1149,1151,1153,1155,1157,1159,1161,1163,1165,1167,1169,1171,1173,1175,1177,1179,1181,1183,1185,1187,1189,1191,1193,1195,1197,1199,1201,1203,1205,1207,1209,1211,1213,1215,1217,1219,1221,1223,1225,1227,1229,1231,1233,1235,1237,1239,1241,1243,1245,1247,1249,1251,1253,1255,1257,1259,1261,1263,1265,1267,1269,1271,1273,1275,1277,1279,1281,1283,1285,1287,1289,1291,1293,1295
1,평일(하),설화명곡,출발,,5:25:30,5:39:00,5:51:00,6:02:00,6:12:00,6:22:00,6:31:00,6:40:00,6:48:00,6:55:00,7:01:00,7:07:00,7:13:00,7:18:00,7:23:00,7:28:00,7:33:00,7:38:00,7:43:00,7:48:00,7:53:00,7:58:00,8:03:00,8:08:00,8:13:00,8:18:00,8:23:00,8:28:00,8:33:00,8:38:00,8:43:00,8:48:00,8:53:00,8:58:00,9:04:00,9:11:00,9:18:00,9:26:00,9:34:00,9:42:00,9:50:00,9:58:00,10:06:00,10:14:00,10:22:00,10:30:00,10:38:00,10:46:00,10:54:00,11:02:00,11:10:00,11:18:00,11:26:00,11:34:00,11:42:00,11:50:00,11:58:00,12:06:00,12:14:00,12:22:00,12:30:00,12:38:00,12:46:00,12:54:00,13:02:00,13:10:00,13:18:00,13:26:00,13:34:00,13:42:00,13:50:00,13:58:00,14:06:00,14:14:00,14:22:00,14:30:00,14:38:00,14:46:00,14:54:00,15:02:00,15:10:00,15:18:00,15:26:00,15:34:00,15:42:00,15:50:00,15:58:00,16:06:00,16:14:00,16:22:00,16:30:00,16:38:00,16:46:00,16:53:00,16:59:00,17:05:00,17:10:00,17:15:00,17:20:00,17:25:00,17:30:00,17:35:00,17:40:00,17:45:00,17:50:00,17:55:00,18:00:00,18:05:00,18:10:00,18:15:00,18:20:00,18:26:00,18:33:00,18:40:00,18:48:00,18:56:00,19:04:00,19:12:00,19:20:00,19:28:00,19:36:00,19:44:00,19:52:00,20:00:00,20:08:00,20:16:00,20:24:00,20:32:00,20:40:00,20:48:00,20:56:00,21:04:00,21:12:00,21:20:00,21:28:00,21:36:00,21:44:00,21:52:00,22:00:00,22:08:00,22:16:00,22:25:00,22:34:00,22:44:00,22:54:00,23:05:00,23:16:10
1,평일(하),화원,도착,,5:27:20,5:40:50,5:52:50,6:03:50,6:13:50,6:23:50,6:32:50,6:41:50,6:49:50,6:56:50,7:02:50,7:08:50,7:14:50,7:19:50,7:24:50,7:29:50,7:34:50,7:39:50,7:44:50,7:49:50,7:54:50,7:59:50,8:04:50,8:09:50,8:14:50,8:19:50,8:24:50,8:29:50,8:34:50,8:39:50,8:44:50,8:49:50,8:54:50,8:59:50,9:05:50,9:12:50,9:19:50,9:27:50,9:35:50,9:43:50,9:51:50,9:59:50,10:07:50,10:15:50,10:23:50,10:31:50,10:39:50,10:47:50,10:55:50,11:03:50,11:11:50,11:19:50,11:27:50,11:35:50,11:43:50,11:51:50,11:59:50,12:07:50,12:15:50,12:23:50,12:31:50,12:39:50,12:47:50,12:55:50,13:03:50,13:11:50,13:19:50,13:27:50,13:35:50,13:43:50,13:51:50,13:59:50,14:07:50,14:15:50,14:23:50,14:31:50,14:39:50,14:47:50,14:55:50,15:03:50,15:11:50,15:19:50,15:27:50,15:35:50,15:43:50,15:51:50,15:59:50,16:07:50,16:15:50,16:23:50,16:31:50,16:39:50,16:47:50,16:54:50,17:00:50,17:06:50,17:11:50,17:16:50,17:21:50,17:26:50,17:31:50,17:36:50,17:41:50,17:46:50,17:51:50,17:56:50,18:01:50,18:06:50,18:11:50,18:16:50,18:21:50,18:27:50,18:34:50,18:41:50,18:49:50,18:57:50,19:05:50,19:13:50,19:21:50,19:29:50,19:37:50,19:45:50,19:53:50,20:01:50,20:09:50,20:17:50,20:25:50,20:33:50,20:41:50,20:49:50,20:57:50,21:05:50,21:13:50,21:21:50,21:29:50,21:37:50,21:45:50,21:53:50,22:01:50,22:09:50,22:17:50,22:26:50,22:35:50,22:45:50,22:55:50,23:06:50,23:18:00
1,평일(하),화원,출발,,5:27:45,5:41:15,5:53:15,6:04:15,6:14:15,6:24:15,6:33:15,6:42:15,6:50:15,6:57:15,7:03:15,7:09:15,7:15:15,7:20:15,7:25:15,7:30:15,7:35:15,7:40:15,7:45:15,7:50:15,7:55:15,8:00:15,8:05:15,8:10:15,8:15:15,8:20:15,8:25:15,8:30:15,8:35:15,8:40:15,8:45:15,8:50:15,8:55:15,9:00:15,9:06:15,9:13:15,9:20:15,9:28:15,9:36:15,9:44:15,9:52:15,10:00:15,10:08:15,10:16:15,10:24:15,10:32:15,10:40:15,10:48:15,10:56:15,11:04:15,11:12:15,11:20:15,11:28:15,11:36:15,11:44:15,11:52:15,12:00:15,12:08:15,12:16:15,12:24:15,12:32:15,12:40:15,12:48:15,12:56:15,13:04:15,13:12:15,13:20:15,13:28:15,13:36:15,13:44:15,13:52:15,14:00:15,14:08:15,14:16:15,14:24:15,14:32:15,14:40:15,14:48:15,14:56:15,15:04:15,15:12:15,15:20:15,15:28:15,15:36:15,15:44:15,15:52:15,16:00:15,16:08:15,16:16:15,16:24:15,16:32:15,16:40:15,16:48:15,16:55:15,17:01:15,17:07:15,17:12:15,17:17:15,17:22:15,17:27:15,17:32:15,17:37:15,17:42:15,17:47:15,17:52:15,17:57:15,18:02:15,18:07:15,18:12:15,18:17:15,18:22:15,18:28:15,18:35:15,18:42:15,18:50:15,18:58:15,19:06:15,19:14:15,19:22:15,19:30:15,19:38:15,19:46:15,19:54:15,20:02:15,20:10:15,20:18:15,20:26:15,20:34:15,20:42:15,20:50:15,20:58:15,21:06:15,21:14:15,21:22:15,21:30:15,21:38:15,21:46:15,21:54:15,22:02:15,22:10:15,22:18:15,22:27:15,22:36:15,22:46:15,22:56:15,23:07:15,23:18:25
1,평일(하),대곡,도착,,5:29:35,5:43:05,5:55:05,6:06:05,6:16:05,6:26:05,6:35:05,6:44:05,6:52:05,6:59:05,7:05:05,7:11:05,7:17:05,7:22:05,7:27:05,7:32:05,7:37:05,7:42:05,7:47:05,7:52:05,7:57:05,8:02:05,8:07:05,8:12:05,8:17:05,8:22:05,8:27:05,8:32:05,8:37:05,8:42:05,8:47:05,8:52:05,8:57:05,9:02:05,9:08:05,9:15:05,9:22:05,9:30:05,9:38:05,9:46:05,9:54:05,10:02:05,10:10:05,10:18:05,10:26:05,10:34:05,10:42:05,10:50:05,10:58:05,11:06:05,11:14:05,11:22:05,11:30:05,11:38:05,11:46:05,11:54:05,12:02:05,12:10:05,12:18:05,12:26:05,12:34:05,12:42:05,12:50:05,12:58:05,13:06:05,13:14:05,13:22:05,13:30:05,13:38:05,13:46:05,13:54:05,14:02:05,14:10:05,14:18:05,14:26:05,14:34:05,14:42:05,14:50:05,14:58:05,15:06:05,15:14:05,15:22:05,15:30:05,15:38:05,15:46:05,15:54:05,16:02:05,16:10:05,16:18:05,16:26:05,16:34:05,16:42:05,16:50:05,16:57:05,17:03:05,17:09:05,17:14:05,17:19:05,17:24:05,17:29:05,17:34:05,17:39:05,17:44:05,17:49:05,17:54:05,17:59:05,18:04:05,18:09:05,18:14:05,18:19:05,18:24:05,18:30:05,18:37:05,18:44:05,18:52:05,19:00:05,19:08:05,19:16:05,19:24:05,19:32:05,19:40:05,19:48:05,19:56:05,20:04:05,20:12:05,20:20:05,20:28:05,20:36:05,20:44:05,20:52:05,21:00:05,21:08:05,21:16:05,21:24:05,21:32:05,21:40:05,21:48:05,21:56:05,22:04:05,22:12:05,22:20:05,22:29:05,22:38:05,22:48:05,22:58:05,23:09:05,23:20:15
1,평일(하),대곡,출발,,5:30:00,5:43:30,5:55:30,6:06:30,6:16:30,6:26:30,6:35:30,6:44:30,6:52:30,6:59:30,7:05:30,7:11:30,7:17:30,7:22:30,7:27:30,7:32:30,7:37:30,7:42:30,7:47:30,7:52:30,7:57:30,8:02:30,8:07:30,8:12:30,8:17:30,8:22:30,8:27:30,8:32:30,8:37:30,8:42:30,8:47:30,8:52:30,8:57:30,9:02:30,9:08:30,9:15:30,9:22:30,9:30:30,9:38:30,9:46:30,9:54:30,10:02:30,10:10:30,10:18:30,10:26:30,10:34:30,10:42:30,10:50:30,10:58:30,11:06:30,11:14:30,11:22:30,11:30:30,11:38:30,11:46:30,11:54:30,12:02:30,12:10:30,12:18:30,12:26:30,12:34:30,12:42:30,12:50:30,12:58:30,13:06:30,13:14:30,13:22:30,13:30:30,13:38:30,13:46:30,13:54:30,14:02:30,14:10:30,14:18:30,14:26:30,14:34:30,14:42:30,14:50:30,14:58:30,15:06:30,15:14:30,15:22:30,15:30:30,15:38:30,15:46:30,15:54:30,16:02:30,16:10:30,16:18:30,16:26:30,16:34:30,16:42:30,16:50:30,16:57:30,17:03:30,17:09:30,17:14:30,17:19:30,17:24:30,17:29:30,17:34:30,17:39:30,17:44:30,17:49:30,17:54:30,17:59:30,18:04:30,18:09:30,18:14:30,18:19:30,18:24:30,18:30:30,18:37:30,18:44:30,18:52:30,19:00:30,19:08:30,19:16:30,19:24:30,19:32:30,19:40:30,19:48:30,19:56:30,20:04:30,20:12:30,20:20:30,20:28:30,20:36:30,20:44:30,20:52:30,21:00:30,21:08:30,21:16:30,21:24:30,21:32:30,21:40:30,21:48:30,21:56:30,22:04:30,22:12:30,22:20:30,22:29:30,22:38:30,22:48:30,22:58:30,23:09:30,23:20:40
1,평일(하),진천,도착,,5:31:40,5:45:10,5:57:10,6:08:10,6:18:10,6:28:10,6:37:10,6:46:10,6:54:10,7:01:10,7:07:10,7:13:10,7:19:10,7:24:10,7:29:10,7:34:10,7:39:10,7:44:10,7:49:10,7:54:10,7:59:10,8:04:10,8:09:10,8:14:10,8:19:10,8:24:10,8:29:10,8:34:10,8:39:10,8:44:10,8:49:10,8:54:10,8:59:10,9:04:10,9:10:10,9:17:10,9:24:10,9:32:10,9:40:10,9:48:10,9:56:10,10:04:10,10:12:10,10:20:10,10:28:10,10:36:10,10:44:10,10:52:10,11:00:10,11:08:10,11:16:10,11:24:10,11:32:10,11:40:10,11:48:10,11:56:10,12:04:10,12:12:10,12:20:10,12:28:10,12:36:10,12:44:10,12:52:10,13:00:10,13:08:10,13:16:10,13:24:10,13:32:10,13:40:10,13:48:10,13:56:10,14:04:10,14:12:10,14:20:10,14:28:10,14:36:10,14:44:10,14:52:10,15:00:10,15:08:10,15:16:10,15:24:10,15:32:10,15:40:10,15:48:10,15:56:10,16:04:10,16:12:10,16:20:10,16:28:10,16:36:10,16:44:10,16:52:10,16:59:10,17:05:10,17:11:10,17:16:10,17:21:10,17:26:10,17:31:10,17:36:10,17:41:10,17:46:10,17:51:10,17:56:10,18:01:10,18:06:10,18:11:10,18:16:10,18:21:10,18:26:10,18:32:10,18:39:10,18:46:10,18:54:10,19:02:10,19:10:10,19:18:10,19:26:10,19:34:10,19:42:10,19:50:10,19:58:10,20:06:10,20:14:10,20:22:10,20:30:10,20:38:10,20:46:10,20:54:10,21:02:10,21:10:10,21:18:10,21:26:10,21:34:10,21:42:10,21:50:10,21:58:10,22:06:10,22:14:10,22:22:10,22:31:10,22:40:10,22:50:10,23:00:10,23:11:10,23:22:20
1,평일(하),진천,출발,,5:32:05,5:45:35,5:57:35,6:08:35,6:18:35,6:28:35,6:37:35,6:46:35,6:54:35,7:01:35,7:07:35,7:13:35,7:19:35,7:24:35,7:29:35,7:34:35,7:39:35,7:44:35,7:49:35,7:54:35,7:59:35,8:04:35,8:09:35,8:14:35,8:19:35,8:24:35,8:29:35,8:34:35,8:39:35,8:44:35,8:49:35,8:54:35,8:59:35,9:04:35,9:10:35,9:17:35,9:24:35,9:32:35,9:40:35,9:48:35,9:56:35,10:04:35,10:12:35,10:20:35,10:28:35,10:36:35,10:44:35,10:52:35,11:00:35,11:08:35,11:16:35,11:24:35,11:32:35,11:40:35,11:48:35,11:56:35,12:04:35,12:12:35,12:20:35,12:28:35,12:36:35,12:44:35,12:52:35,13:00:35,13:08:35,13:16:35,13:24:35,13:32:35,13:40:35,13:48:35,13:56:35,14:04:35,14:12:35,14:20:35,14:28:35,14:36:35,14:44:35,14:52:35,15:00:35,15:08:35,15:16:35,15:24:35,15:32:35,15:40:35,15:48:35,15:56:35,16:04:35,16:12:35,16:20:35,16:28:35,16:36:35,16:44:35,16:52:35,16:59:35,17:05:35,17:11:35,17:16:35,17:21:35,17:26:35,17:31:35,17:36:35,17:41:35,17:46:35,17:51:35,17:56:35,18:01:35,18:06:35,18:11:35,18:16:35,18:21:35,18:26:35,18:32:35,18:39:35,18:46:35,18:54:35,19:02:35,19:10:35,19:18:35,19:26:35,19:34:35,19:42:35,19:50:35,19:58:35,20:06:35,20:14:35,20:22:35,20:30:35,20:38:35,20:46:35,20:54:35,21:02:35,21:10:35,21:18:35,21:26:35,21:34:35,21:42:35,21:50:35,21:58:35,22:06:35,22:14:35,22:22:35,22:31:35,22:40:35,22:50:35,23:00:35,23:11:35,23:22:45
1,평일(하),월배,도착,,5:33:15,5:46:45,5:58:45,6:09:45,6:19:45,6:29:45,6:38:45,6:47:45,6:55:45,7:02:45,7:08:45,7:14:45,7:20:45,7:25:45,7:30:45,7:35:45,7:40:45,7:45:45,7:50:45,7:55:45,8:00:45,8:05:45,8:10:45,8:15:45,8:20:45,8:25:45,8:30:45,8:35:45,8:40:45,8:45:45,8:50:45,8:55:45,9:00:45,9:05:45,9:11:45,9:18:45,9:25:45,9:33:45,9:41:45,9:49:45,9:57:45,10:05:45,10:13:45,10:21:45,10:29:45,10:37:45,10:45:45,10:53:45,11:01:45,11:09:45,11:17:45,11:25:45,11:33:45,11:41:45,11:49:45,11:57:45,12:05:45,12:13:45,12:21:45,12:29:45,12:37:45,12:45:45,12:53:45,13:01:45,13:09:45,13:17:45,13:25:45,13:33:45,13:41:45,13:49:45,13:57:45,14:05:45,14:13:45,14:21:45,14:29:45,14:37:45,14:45:45,14:53:45,15:01:45,15:09:45,15:17:45,15:25:45,15:33:45,15:41:45,15:49:45,15:57:45,16:05:45,16:13:45,16:21:45,16:29:45,16:37:45,16:45:45,16:53:45,17:00:45,17:06:45,17:12:45,17:17:45,17:22:45,17:27:45,17:32:45,17:37:45,17:42:45,17:47:45,17:52:45,17:57:45,18:02:45,18:07:45,18:12:45,18:17:45,18:22:45,18:27:45,18:33:45,18:40:45,18:47:45,18:55:45,19:03:45,19:11:45,19:19:45,19:27:45,19:35:45,19:43:45,19:51:45,19:59:45,20:07:45,20:15:45,20:23:45,20:31:45,20:39:45,20:47:45,20:55:45,21:03:45,21:11:45,21:19:45,21:27:45,21:35:45,21:43:45,21:51:45,21:59:45,22:07:45,22:15:45,22:23:45,22:32:45,22:41:45,22:51:45,23:01:45,23:12:45,23:23:55
1,평일(하),월배,출발,,5:33:40,5:47:10,5:59:10,6:10:10,6:20:10,6:30:10,6:39:10,6:48:10,6:56:10,7:03:10,7:09:10,7:15:10,7:21:10,7:26:10,7:31:10,7:36:10,7:41:10,7:46:10,7:51:10,7:56:10,8:01:10,8:06:10,8:11:10,8:16:10,8:21:10,8:26:10,8:31:10,8:36:10,8:41:10,8:46:10,8:51:10,8:56:10,9:01:10,9:06:10,9:12:10,9:19:10,9:26:10,9:34:10,9:42:10,9:50:10,9:58:10,10:06:10,10:14:10,10:22:10,10:30:10,10:38:10,10:46:10,10:54:10,11:02:10,11:10:10,11:18:10,11:26:10,11:34:10,11:42:10,11:50:10,11:58:10,12:06:10,12:14:10,12:22:10,12:30:10,12:38:10,12:46:10,12:54:10,13:02:10,13:10:10,13:18:10,13:26:10,13:34:10,13:42:10,13:50:10,13:58:10,14:06:10,14:14:10,14:22:10,14:30:10,14:38:10,14:46:10,14:54:10,15:02:10,15:10:10,15:18:10,15:26:10,15:34:10,15:42:10,15:50:10,15:58:10,16:06:10,16:14:10,16:22:10,16:30:10,16:38:10,16:46:10,16:54:10,17:01:10,17:07:10,17:13:10,17:18:10,17:23:10,17:28:10,17:33:10,17:38:10,17:43:10,17:48:10,17:53:10,17:58:10,18:03:10,18:08:10,18:13:10,18:18:10,18:23:10,18:28:10,18:34:10,18:41:10,18:48:10,18:56:10,19:04:10,19:12:10,19:20:10,19:28:10,19:36:10,19:44:10,19:52:10,20:00:10,20:08:10,20:16:10,20:24:10,20:32:10,20:40:10,20:48:10,20:56:10,21:04:10,21:12:10,21:20:10,21:28:10,21:36:10,21:44:10,21:52:10,22:00:10,22:08:10,22:16:10,22:24:10,22:33:10,22:42:10,22:52:10,23:02:10,23:13:10,23:24:20
1,평일(하),상인,도착,,5:34:50,5:48:20,6:00:20,6:11:20,6:21:20,6:31:20,6:40:20,6:49:20,6:57:20,7:04:20,7:10:20,7:16:20,7:22:20,7:27:20,7:32:20,7:37:20,7:42:20,7:47:20,7:52:20,7:57:20,8:02:20,8:07:20,8:12:20,8:17:20,8:22:20,8:27:20,8:32:20,8:37:20,8:42:20,8:47:20,8:52:20,8:57:20,9:02:20,9:07:20,9:13:20,9:20:20,9:27:20,9:35:20,9:43:20,9:51:20,9:59:20,10:07:20,10:15:20,10:23:20,10:31:20,10:39:20,10:47:20,10:55:20,11:03:20,11:11:20,11:19:20,11:27:20,11:35:20,11:43:20,11:51:20,11:59:20,12:07:20,12:15:20,12:23:20,12:31:20,12:39:20,12:47:20,12:55:20,13:03:20,13:11:20,13:19:20,13:27:20,13:35:20,13:43:20,13:51:20,13:59:20,14:07:20,14:15:20,14:23:20,14:31:20,14:39:20,14:47:20,14:55:20,15:03:20,15:11:20,15:19:20,15:27:20,15:35:20,15:43:20,15:51:20,15:59:20,16:07:20,16:15:20,16:23:20,16:31:20,16:39:20,16:47:20,16:55:20,17:02:20,17:08:20,17:14:20,17:19:20,17:24:20,17:29:20,17:34:20,17:39:20,17:44:20,17:49:20,17:54:20,17:59:20,18:04:20,18:09:20,18:14:20,18:19:20,18:24:20,18:29:20,18:35:20,18:42:20,18:49:20,18:57:20,19:05:20,19:13:20,19:21:20,19:29:20,19:37:20,19:45:20,19:53:20,20:01:20,20:09:20,20:17:20,20:25:20,20:33:20,20:41:20,20:49:20,20:57:20,21:05:20,21:13:20,21:21:20,21:29:20,21:37:20,21:45:20,21:53:20,22:01:20,22:09:20,22:17:20,22:25:20,22:34:20,22:43:20,22:53:20,23:03:20,23:14:20,23:25:30
1,평일(하),상인,출발,,5:35:15,5:48:45,6:00:45,6:11:45,6:21:45,6:31:45,6:40:45,6:49:45,6:57:45,7:04:45,7:10:45,7:16:45,7:22:45,7:27:45,7:32:45,7:37:45,7:42:45,7:47:45,7:52:45,7:57:45,8:02:45,8:07:45,8:12:45,8:17:45,8:22:45,8:27:45,8:32:45,8:37:45,8:42:45,8:47:45,8:52:45,8:57:45,9:02:45,9:07:45,9:13:45,9:20:45,9:27:45,9:35:45,9:43:45,9:51:45,9:59:45,10:07:45,10:15:45,10:23:45,10:31:45,10:39:45,10:47:45,10:55:45,11:03:45,11:11:45,11:19:45,11:27:45,11:35:45,11:43:45,11:51:45,11:59:45,12:07:45,12:15:45,12:23:45,12:31:45,12:39:45,12:47:45,12:55:45,13:03:45,13:11:45,13:19:45,13:27:45,13:35:45,13:43:45,13:51:45,13:59:45,14:07:45,14:15:45,14:23:45,14:31:45,14:39:45,14:47:45,14:55:45,15:03:45,15:11:45,15:19:45,15:27:45,15:35:45,15:43:45,15:51:45,15:59:45,16:07:45,16:15:45,16:23:45,16:31:45,16:39:45,16:47:45,16:55:45,17:02:45,17:08:45,17:14:45,17:19:45,17:24:45,17:29:45,17:34:45,17:39:45,17:44:45,17:49:45,17:54:45,17:59:45,18:04:45,18:09:45,18:14:45,18:19:45,18:24:45,18:29:45,18:35:45,18:42:45,18:49:45,18:57:45,19:05:45,19:13:45,19:21:45,19:29:45,19:37:45,19:45:45,19:53:45,20:01:45,20:09:45,20:17:45,20:25:45,20:33:45,20:41:45,20:49:45,20:57:45,21:05:45,21:13:45,21:21:45,21:29:45,21:37:45,21:45:45,21:53:45,22:01:45,22:09:45,22:17:45,22:25:45,22:34:45,22:43:45,22:53:45,23:03:45,23:14:45,23:25:55
1,평일(하),월촌,도착,,5:36:35,5:50:05,6:02:05,6:13:05,6:23:05,6:33:05,6:42:05,6:51:05,6:59:05,7:06:05,7:12:05,7:18:05,7:24:05,7:29:05,7:34:05,7:39:05,7:44:05,7:49:05,7:54:05,7:59:05,8:04:05,8:09:05,8:14:05,8:19:05,8:24:05,8:29:05,8:34:05,8:39:05,8:44:05,8:49:05,8:54:05,8:59:05,9:04:05,9:09:05,9:15:05,9:22:05,9:29:05,9:37:05,9:45:05,9:53:05,10:01:05,10:09:05,10:17:05,10:25:05,10:33:05,10:41:05,10:49:05,10:57:05,11:05:05,11:13:05,11:21:05,11:29:05,11:37:05,11:45:05,11:53:05,12:01:05,12:09:05,12:17:05,12:25:05,12:33:05,12:41:05,12:49:05,12:57:05,13:05:05,13:13:05,13:21:05,13:29:05,13:37:05,13:45:05,13:53:05,14:01:05,14:09:05,14:17:05,14:25:05,14:33:05,14:41:05,14:49:05,14:57:05,15:05:05,15:13:05,15:21:05,15:29:05,15:37:05,15:45:05,15:53:05,16:01:05,16:09:05,16:17:05,16:25:05,16:33:05,16:41:05,16:49:05,16:57:05,17:04:05,17:10:05,17:16:05,17:21:05,17:26:05,17:31:05,17:36:05,17:41:05,17:46:05,17:51:05,17:56:05,18:01:05,18:06:05,18:11:05,18:16:05,18:21:05,18:26:05,18:31:05,18:37:05,18:44:05,18:51:05,18:59:05,19:07:05,19:15:05,19:23:05,19:31:05,19:39:05,19:47:05,19:55:05,20:03:05,20:11:05,20:19:05,20:27:05,20:35:05,20:43:05,20:51:05,20:59:05,21:07:05,21:15:05,21:23:05,21:31:05,21:39:05,21:47:05,21:55:05,22:03:05,22:11:05,22:19:05,22:27:05,22:36:05,22:45:05,22:55:05,23:05:05,23:16:05,23:27:15
1,평일(하),월촌,출발,,5:37:00,5:50:30,6:02:30,6:13:30,6:23:30,6:33:30,6:42:30,6:51:30,6:59:30,7:06:30,7:12:30,7:18:30,7:24:30,7:29:30,7:34:30,7:39:30,7:44:30,7:49:30,7:54:30,7:59:30,8:04:30,8:09:30,8:14:30,8:19:30,8:24:30,8:29:30,8:34:30,8:39:30,8:44:30,8:49:30,8:54:30,8:59:30,9:04:30,9:09:30,9:15:30,9:22:30,9:29:30,9:37:30,9:45:30,9:53:30,10:01:30,10:09:30,10:17:30,10:25:30,10:33:30,10:41:30,10:49:30,10:57:30,11:05:30,11:13:30,11:21:30,11:29:30,11:37:30,11:45:30,11:53:30,12:01:30,12:09:30,12:17:30,12:25:30,12:33:30,12:41:30,12:49:30,12:57:30,13:05:30,13:13:30,13:21:30,13:29:30,13:37:30,13:45:30,13:53:30,14:01:30,14:09:30,14:17:30,14:25:30,14:33:30,14:41:30,14:49:30,14:57:30,15:05:30,15:13:30,15:21:30,15:29:30,15:37:30,15:45:30,15:53:30,16:01:30,16:09:30,16:17:30,16:25:30,16:33:30,16:41:30,16:49:30,16:57:30,17:04:30,17:10:30,17:16:30,17:21:30,17:26:30,17:31:30,17:36:30,17:41:30,17:46:30,17:51:30,17:56:30,18:01:30,18:06:30,18:11:30,18:16:30,18:21:30,18:26:30,18:31:30,18:37:30,18:44:30,18:51:30,18:59:30,19:07:30,19:15:30,19:23:30,19:31:30,19:39:30,19:47:30,19:55:30,20:03:30,20:11:30,20:19:30,20:27:30,20:35:30,20:43:30,20:51:30,20:59:30,21:07:30,21:15:30,21:23:30,21:31:30,21:39:30,21:47:30,21:55:30,22:03:30,22:11:30,22:19:30,22:27:30,22:36:30,22:45:30,22:55:30,23:05:30,23:16:30,23:27:40
1,평일(하),송현,도착,,5:38:20,5:51:50,6:03:50,6:14:50,6:24:50,6:34:50,6:43:50,6:52:50,7:00:50,7:07:50,7:13:50,7:19:50,7:25:50,7:30:50,7:35:50,7:40:50,7:45:50,7:50:50,7:55:50,8:00:50,8:05:50,8:10:50,8:15:50,8:20:50,8:25:50,8:30:50,8:35:50,8:40:50,8:45:50,8:50:50,8:55:50,9:00:50,9:05:50,9:10:50,9:16:50,9:23:50,9:30:50,9:38:50,9:46:50,9:54:50,10:02:50,10:10:50,10:18:50,10:26:50,10:34:50,10:42:50,10:50:50,10:58:50,11:06:50,11:14:50,11:22:50,11:30:50,11:38:50,11:46:50,11:54:50,12:02:50,12:10:50,12:18:50,12:26:50,12:34:50,12:42:50,12:50:50,12:58:50,13:06:50,13:14:50,13:22:50,13:30:50,13:38:50,13:46:50,13:54:50,14:02:50,14:10:50,14:18:50,14:26:50,14:34:50,14:42:50,14:50:50,14:58:50,15:06:50,15:14:50,15:22:50,15:30:50,15:38:50,15:46:50,15:54:50,16:02:50,16:10:50,16:18:50,16:26:50,16:34:50,16:42:50,16:50:50,16:58:50,17:05:50,17:11:50,17:17:50,17:22:50,17:27:50,17:32:50,17:37:50,17:42:50,17:47:50,17:52:50,17:57:50,18:02:50,18:07:50,18:12:50,18:17:50,18:22:50,18:27:50,18:32:50,18:38:50,18:45:50,18:52:50,19:00:50,19:08:50,19:16:50,19:24:50,19:32:50,19:40:50,19:48:50,19:56:50,20:04:50,20:12:50,20:20:50,20:28:50,20:36:50,20:44:50,20:52:50,21:00:50,21:08:50,21:16:50,21:24:50,21:32:50,21:40:50,21:48:50,21:56:50,22:04:50,22:12:50,22:20:50,22:28:50,22:37:50,22:46:50,22:56:50,23:06:50,23:17:50,23:29:00
1,평일(하),송현,출발,,5:38:45,5:52:15,6:04:15,6:15:15,6:25:15,6:35:15,6:44:15,6:53:15,7:01:15,7:08:15,7:14:15,7:20:15,7:26:15,7:31:15,7:36:15,7:41:15,7:46:15,7:51:15,7:56:15,8:01:15,8:06:15,8:11:15,8:16:15,8:21:15,8:26:15,8:31:15,8:36:15,8:41:15,8:46:15,8:51:15,8:56:15,9:01:15,9:06:15,9:11:15,9:17:15,9:24:15,9:31:15,9:39:15,9:47:15,9:55:15,10:03:15,10:11:15,10:19:15,10:27:15,10:35:15,10:43:15,10:51:15,10:59:15,11:07:15,11:15:15,11:23:15,11:31:15,11:39:15,11:47:15,11:55:15,12:03:15,12:11:15,12:19:15,12:27:15,12:35:15,12:43:15,12:51:15,12:59:15,13:07:15,13:15:15,13:23:15,13:31:15,13:39:15,13:47:15,13:55:15,14:03:15,14:11:15,14:19:15,14:27:15,14:35:15,14:43:15,14:51:15,14:59:15,15:07:15,15:15:15,15:23:15,15:31:15,15:39:15,15:47:15,15:55:15,16:03:15,16:11:15,16:19:15,16:27:15,16:35:15,16:43:15,16:51:15,16:59:15,17:06:15,17:12:15,17:18:15,17:23:15,17:28:15,17:33:15,17:38:15,17:43:15,17:48:15,17:53:15,17:58:15,18:03:15,18:08:15,18:13:15,18:18:15,18:23:15,18:28:15,18:33:15,18:39:15,18:46:15,18:53:15,19:01:15,19:09:15,19:17:15,19:25:15,19:33:15,19:41:15,19:49:15,19:57:15,20:05:15,20:13:15,20:21:15,20:29:15,20:37:15,20:45:15,20:53:15,21:01:15,21:09:15,21:17:15,21:25:15,21:33:15,21:41:15,21:49:15,21:57:15,22:05:15,22:13:15,22:21:15,22:29:15,22:38:15,22:47:15,22:57:15,23:07:15,23:18:15,23:29:25
1,평일(하),서부정류장,도착,,5:40:00,5:53:30,6:05:30,6:16:30,6:26:30,6:36:30,6:45:30,6:54:30,7:02:30,7:09:30,7:15:30,7:21:30,7:27:30,7:32:30,7:37:30,7:42:30,7:47:30,7:52:30,7:57:30,8:02:30,8:07:30,8:12:30,8:17:30,8:22:30,8:27:30,8:32:30,8:37:30,8:42:30,8:47:30,8:52:30,8:57:30,9:02:30,9:07:30,9:12:30,9:18:30,9:25:30,9:32:30,9:40:30,9:48:30,9:56:30,10:04:30,10:12:30,10:20:30,10:28:30,10:36:30,10:44:30,10:52:30,11:00:30,11:08:30,11:16:30,11:24:30,11:32:30,11:40:30,11:48:30,11:56:30,12:04:30,12:12:30,12:20:30,12:28:30,12:36:30,12:44:30,12:52:30,13:00:30,13:08:30,13:16:30,13:24:30,13:32:30,13:40:30,13:48:30,13:56:30,14:04:30,14:12:30,14:20:30,14:28:30,14:36:30,14:44:30,14:52:30,15:00:30,15:08:30,15:16:30,15:24:30,15:32:30,15:40:30,15:48:30,15:56:30,16:04:30,16:12:30,16:20:30,16:28:30,16:36:30,16:44:30,16:52:30,17:00:30,17:07:30,17:13:30,17:19:30,17:24:30,17:29:30,17:34:30,17:39:30,17:44:30,17:49:30,17:54:30,17:59:30,18:04:30,18:09:30,18:14:30,18:19:30,18:24:30,18:29:30,18:34:30,18:40:30,18:47:30,18:54:30,19:02:30,19:10:30,19:18:30,19:26:30,19:34:30,19:42:30,19:50:30,19:58:30,20:06:30,20:14:30,20:22:30,20:30:30,20:38:30,20:46:30,20:54:30,21:02:30,21:10:30,21:18:30,21:26:30,21:34:30,21:42:30,21:50:30,21:58:30,22:06:30,22:14:30,22:22:30,22:30:30,22:39:30,22:48:30,22:58:30,23:08:30,23:19:30,23:30:40
1,평일(하),서부정류장,출발,,5:40:25,5:53:55,6:05:55,6:16:55,6:26:55,6:36:55,6:45:55,6:54:55,7:02:55,7:09:55,7:15:55,7:21:55,7:27:55,7:32:55,7:37:55,7:42:55,7:47:55,7:52:55,7:57:55,8:02:55,8:07:55,8:12:55,8:17:55,8:22:55,8:27:55,8:32:55,8:37:55,8:42:55,8:47:55,8:52:55,8:57:55,9:02:55,9:07:55,9:12:55,9:18:55,9:25:55,9:32:55,9:40:55,9:48:55,9:56:55,10:04:55,10:12:55,10:20:55,10:28:55,10:36:55,10:44:55,10:52:55,11:00:55,11:08:55,11:16:55,11:24:55,11:32:55,11:40:55,11:48:55,11:56:55,12:04:55,12:12:55,12:20:55,12:28:55,12:36:55,12:44:55,12:52:55,13:00:55,13:08:55,13:16:55,13:24:55,13:32:55,13:40:55,13:48:55,13:56:55,14:04:55,14:12:55,14:20:55,14:28:55,14:36:55,14:44:55,14:52:55,15:00:55,15:08:55,15:16:55,15:24:55,15:32:55,15:40:55,15:48:55,15:56:55,16:04:55,16:12:55,16:20:55,16:28:55,16:36:55,16:44:55,16:52:55,17:00:55,17:07:55,17:13:55,17:19:55,17:24:55,17:29:55,17:34:55,17:39:55,17:44:55,17:49:55,17:54:55,17:59:55,18:04:55,18:09:55,18:14:55,18:19:55,18:24:55,18:29:55,18:34:55,18:40:55,18:47:55,18:54:55,19:02:55,19:10:55,19:18:55,19:26:55,19:34:55,19:42:55,19:50:55,19:58:55,20:06:55,20:14:55,20:22:55,20:30:55,20:38:55,20:46:55,20:54:55,21:02:55,21:10:55,21:18:55,21:26:55,21:34:55,21:42:55,21:50:55,21:58:55,22:06:55,22:14:55,22:22:55,22:30:55,22:39:55,22:48:55,22:58:55,23:08:55,23:19:55,23:31:05
1,평일(하),대명,도착,,5:41:40,5:55:10,6:07:10,6:18:10,6:28:10,6:38:10,6:47:10,6:56:10,7:04:10,7:11:10,7:17:10,7:23:10,7:29:10,7:34:10,7:39:10,7:44:10,7:49:10,7:54:10,7:59:10,8:04:10,8:09:10,8:14:10,8:19:10,8:24:10,8:29:10,8:34:10,8:39:10,8:44:10,8:49:10,8:54:10,8:59:10,9:04:10,9:09:10,9:14:10,9:20:10,9:27:10,9:34:10,9:42:10,9:50:10,9:58:10,10:06:10,10:14:10,10:22:10,10:30:10,10:38:10,10:46:10,10:54:10,11:02:10,11:10:10,11:18:10,11:26:10,11:34:10,11:42:10,11:50:10,11:58:10,12:06:10,12:14:10,12:22:10,12:30:10,12:38:10,12:46:10,12:54:10,13:02:10,13:10:10,13:18:10,13:26:10,13:34:10,13:42:10,13:50:10,13:58:10,14:06:10,14:14:10,14:22:10,14:30:10,14:38:10,14:46:10,14:54:10,15:02:10,15:10:10,15:18:10,15:26:10,15:34:10,15:42:10,15:50:10,15:58:10,16:06:10,16:14:10,16:22:10,16:30:10,16:38:10,16:46:10,16:54:10,17:02:10,17:09:10,17:15:10,17:21:10,17:26:10,17:31:10,17:36:10,17:41:10,17:46:10,17:51:10,17:56:10,18:01:10,18:06:10,18:11:10,18:16:10,18:21:10,18:26:10,18:31:10,18:36:10,18:42:10,18:49:10,18:56:10,19:04:10,19:12:10,19:20:10,19:28:10,19:36:10,19:44:10,19:52:10,20:00:10,20:08:10,20:16:10,20:24:10,20:32:10,20:40:10,20:48:10,20:56:10,21:04:10,21:12:10,21:20:10,21:28:10,21:36:10,21:44:10,21:52:10,22:00:10,22:08:10,22:16:10,22:24:10,22:32:10,22:41:10,22:50:10,23:00:10,23:10:10,23:21:10,23:32:20
1,평일(하),대명,출발,,5:42:05,5:55:35,6:07:35,6:18:35,6:28:35,6:38:35,6:47:35,6:56:35,7:04:35,7:11:35,7:17:35,7:23:35,7:29:35,7:34:35,7:39:35,7:44:35,7:49:35,7:54:35,7:59:35,8:04:35,8:09:35,8:14:35,8:19:35,8:24:35,8:29:35,8:34:35,8:39:35,8:44:35,8:49:35,8:54:35,8:59:35,9:04:35,9:09:35,9:14:35,9:20:35,9:27:35,9:34:35,9:42:35,9:50:35,9:58:35,10:06:35,10:14:35,10:22:35,10:30:35,10:38:35,10:46:35,10:54:35,11:02:35,11:10:35,11:18:35,11:26:35,11:34:35,11:42:35,11:50:35,11:58:35,12:06:35,12:14:35,12:22:35,12:30:35,12:38:35,12:46:35,12:54:35,13:02:35,13:10:35,13:18:35,13:26:35,13:34:35,13:42:35,13:50:35,13:58:35,14:06:35,14:14:35,14:22:35,14:30:35,14:38:35,14:46:35,14:54:35,15:02:35,15:10:35,15:18:35,15:26:35,15:34:35,15:42:35,15:50:35,15:58:35,16:06:35,16:14:35,16:22:35,16:30:35,16:38:35,16:46:35,16:54:35,17:02:35,17:09:35,17:15:35,17:21:35,17:26:35,17:31:35,17:36:35,17:41:35,17:46:35,17:51:35,17:56:35,18:01:35,18:06:35,18:11:35,18:16:35,18:21:35,18:26:35,18:31:35,18:36:35,18:42:35,18:49:35,18:56:35,19:04:35,19:12:35,19:20:35,19:28:35,19:36:35,19:44:35,19:52:35,20:00:35,20:08:35,20:16:35,20:24:35,20:32:35,20:40:35,20:48:35,20:56:35,21:04:35,21:12:35,21:20:35,21:28:35,21:36:35,21:44:35,21:52:35,22:00:35,22:08:35,22:16:35,22:24:35,22:32:35,22:41:35,22:50:35,23:00:35,23:10:35,23:21:35,23:32:45
1,평일(하),안지랑,도착,,5:43:15,5:56:45,6:08:45,6:19:45,6:29:45,6:39:45,6:48:45,6:57:45,7:05:45,7:12:45,7:18:45,7:24:45,7:30:45,7:35:45,7:40:45,7:45:45,7:50:45,7:55:45,8:00:45,8:05:45,8:10:45,8:15:45,8:20:45,8:25:45,8:30:45,8:35:45,8:40:45,8:45:45,8:50:45,8:55:45,9:00:45,9:05:45,9:10:45,9:15:45,9:21:45,9:28:45,9:35:45,9:43:45,9:51:45,9:59:45,10:07:45,10:15:45,10:23:45,10:31:45,10:39:45,10:47:45,10:55:45,11:03:45,11:11:45,11:19:45,11:27:45,11:35:45,11:43:45,11:51:45,11:59:45,12:07:45,12:15:45,12:23:45,12:31:45,12:39:45,12:47:45,12:55:45,13:03:45,13:11:45,13:19:45,13:27:45,13:35:45,13:43:45,13:51:45,13:59:45,14:07:45,14:15:45,14:23:45,14:31:45,14:39:45,14:47:45,14:55:45,15:03:45,15:11:45,15:19:45,15:27:45,15:35:45,15:43:45,15:51:45,15:59:45,16:07:45,16:15:45,16:23:45,16:31:45,16:39:45,16:47:45,16:55:45,17:03:45,17:10:45,17:16:45,17:22:45,17:27:45,17:32:45,17:37:45,17:42:45,17:47:45,17:52:45,17:57:45,18:02:45,18:07:45,18:12:45,18:17:45,18:22:45,18:27:45,18:32:45,18:37:45,18:43:45,18:50:45,18:57:45,19:05:45,19:13:45,19:21:45,19:29:45,19:37:45,19:45:45,19:53:45,20:01:45,20:09:45,20:17:45,20:25:45,20:33:45,20:41:45,20:49:45,20:57:45,21:05:45,21:13:45,21:21:45,21:29:45,21:37:45,21:45:45,21:53:45,22:01:45,22:09:45,22:17:45,22:25:45,22:33:45,22:42:45,22:51:45,23:01:45,23:11:45,23:22:45,23:33:55
1,평일(하),안지랑,출발,,5:43:40,5:57:10,6:09:10,6:20:10,6:30:10,6:40:10,6:49:10,6:58:10,7:06:10,7:13:10,7:19:10,7:25:10,7:31:10,7:36:10,7:41:10,7:46:10,7:51:10,7:56:10,8:01:10,8:06:10,8:11:10,8:16:10,8:21:10,8:26:10,8:31:10,8:36:10,8:41:10,8:46:10,8:51:10,8:56:10,9:01:10,9:06:10,9:11:10,9:16:10,9:22:10,9:29:10,9:36:10,9:44:10,9:52:10,10:00:10,10:08:10,10:16:10,10:24:10,10:32:10,10:40:10,10:48:10,10:56:10,11:04:10,11:12:10,11:20:10,11:28:10,11:36:10,11:44:10,11:52:10,12:00:10,12:08:10,12:16:10,12:24:10,12:32:10,12:40:10,12:48:10,12:56:10,13:04:10,13:12:10,13:20:10,13:28:10,13:36:10,13:44:10,13:52:10,14:00:10,14:08:10,14:16:10,14:24:10,14:32:10,14:40:10,14:48:10,14:56:10,15:04:10,15:12:10,15:20:10,15:28:10,15:36:10,15:44:10,15:52:10,16:00:10,16:08:10,16:16:10,16:24:10,16:32:10,16:40:10,16:48:10,16:56:10,17:04:10,17:11:10,17:17:10,17:23:10,17:28:10,17:33:10,17:38:10,17:43:10,17:48:10,17:53:10,17:58:10,18:03:10,18:08:10,18:13:10,18:18:10,18:23:10,18:28:10,18:33:10,18:38:10,18:44:10,18:51:10,18:58:10,19:06:10,19:14:10,19:22:10,19:30:10,19:38:10,19:46:10,19:54:10,20:02:10,20:10:10,20:18:10,20:26:10,20:34:10,20:42:10,20:50:10,20:58:10,21:06:10,21:14:10,21:22:10,21:30:10,21:38:10,21:46:10,21:54:10,22:02:10,22:10:10,22:18:10,22:26:10,22:34:10,22:43:10,22:52:10,23:02:10,23:12:10,23:23:10,23:34:20
1,평일(하),현충로,도착,,5:45:00,5:58:30,6:10:30,6:21:30,6:31:30,6:41:30,6:50:30,6:59:30,7:07:30,7:14:30,7:20:30,7:26:30,7:32:30,7:37:30,7:42:30,7:47:30,7:52:30,7:57:30,8:02:30,8:07:30,8:12:30,8:17:30,8:22:30,8:27:30,8:32:30,8:37:30,8:42:30,8:47:30,8:52:30,8:57:30,9:02:30,9:07:30,9:12:30,9:17:30,9:23:30,9:30:30,9:37:30,9:45:30,9:53:30,10:01:30,10:09:30,10:17:30,10:25:30,10:33:30,10:41:30,10:49:30,10:57:30,11:05:30,11:13:30,11:21:30,11:29:30,11:37:30,11:45:30,11:53:30,12:01:30,12:09:30,12:17:30,12:25:30,12:33:30,12:41:30,12:49:30,12:57:30,13:05:30,13:13:30,13:21:30,13:29:30,13:37:30,13:45:30,13:53:30,14:01:30,14:09:30,14:17:30,14:25:30,14:33:30,14:41:30,14:49:30,14:57:30,15:05:30,15:13:30,15:21:30,15:29:30,15:37:30,15:45:30,15:53:30,16:01:30,16:09:30,16:17:30,16:25:30,16:33:30,16:41:30,16:49:30,16:57:30,17:05:30,17:12:30,17:18:30,17:24:30,17:29:30,17:34:30,17:39:30,17:44:30,17:49:30,17:54:30,17:59:30,18:04:30,18:09:30,18:14:30,18:19:30,18:24:30,18:29:30,18:34:30,18:39:30,18:45:30,18:52:30,18:59:30,19:07:30,19:15:30,19:23:30,19:31:30,19:39:30,19:47:30,19:55:30,20:03:30,20:11:30,20:19:30,20:27:30,20:35:30,20:43:30,20:51:30,20:59:30,21:07:30,21:15:30,21:23:30,21:31:30,21:39:30,21:47:30,21:55:30,22:03:30,22:11:30,22:19:30,22:27:30,22:35:30,22:44:30,22:53:30,23:03:30,23:13:30,23:24:30,23:35:40
1,평일(하),현충로,출발,,5:45:25,5:58:55,6:10:55,6:21:55,6:31:55,6:41:55,6:50:55,6:59:55,7:07:55,7:14:55,7:20:55,7:26:55,7:32:55,7:37:55,7:42:55,7:47:55,7:52:55,7:57:55,8:02:55,8:07:55,8:12:55,8:17:55,8:22:55,8:27:55,8:32:55,8:37:55,8:42:55,8:47:55,8:52:55,8:57:55,9:02:55,9:07:55,9:12:55,9:17:55,9:23:55,9:30:55,9:37:55,9:45:55,9:53:55,10:01:55,10:09:55,10:17:55,10:25:55,10:33:55,10:41:55,10:49:55,10:57:55,11:05:55,11:13:55,11:21:55,11:29:55,11:37:55,11:45:55,11:53:55,12:01:55,12:09:55,12:17:55,12:25:55,12:33:55,12:41:55,12:49:55,12:57:55,13:05:55,13:13:55,13:21:55,13:29:55,13:37:55,13:45:55,13:53:55,14:01:55,14:09:55,14:17:55,14:25:55,14:33:55,14:41:55,14:49:55,14:57:55,15:05:55,15:13:55,15:21:55,15:29:55,15:37:55,15:45:55,15:53:55,16:01:55,16:09:55,16:17:55,16:25:55,16:33:55,16:41:55,16:49:55,16:57:55,17:05:55,17:12:55,17:18:55,17:24:55,17:29:55,17:34:55,17:39:55,17:44:55,17:49:55,17:54:55,17:59:55,18:04:55,18:09:55,18:14:55,18:19:55,18:24:55,18:29:55,18:34:55,18:39:55,18:45:55,18:52:55,18:59:55,19:07:55,19:15:55,19:23:55,19:31:55,19:39:55,19:47:55,19:55:55,20:03:55,20:11:55,20:19:55,20:27:55,20:35:55,20:43:55,20:51:55,20:59:55,21:07:55,21:15:55,21:23:55,21:31:55,21:39:55,21:47:55,21:55:55,22:03:55,22:11:55,22:19:55,22:27:55,22:35:55,22:44:55,22:53:55,23:03:55,23:13:55,23:24:55,23:36:05
1,평일(하),영대병원,도착,,5:46:35,6:00:05,6:12:05,6:23:05,6:33:05,6:43:05,6:52:05,7:01:05,7:09:05,7:16:05,7:22:05,7:28:05,7:34:05,7:39:05,7:44:05,7:49:05,7:54:05,7:59:05,8:04:05,8:09:05,8:14:05,8:19:05,8:24:05,8:29:05,8:34:05,8:39:05,8:44:05,8:49:05,8:54:05,8:59:05,9:04:05,9:09:05,9:14:05,9:19:05,9:25:05,9:32:05,9:39:05,9:47:05,9:55:05,10:03:05,10:11:05,10:19:05,10:27:05,10:35:05,10:43:05,10:51:05,10:59:05,11:07:05,11:15:05,11:23:05,11:31:05,11:39:05,11:47:05,11:55:05,12:03:05,12:11:05,12:19:05,12:27:05,12:35:05,12:43:05,12:51:05,12:59:05,13:07:05,13:15:05,13:23:05,13:31:05,13:39:05,13:47:05,13:55:05,14:03:05,14:11:05,14:19:05,14:27:05,14:35:05,14:43:05,14:51:05,14:59:05,15:07:05,15:15:05,15:23:05,15:31:05,15:39:05,15:47:05,15:55:05,16:03:05,16:11:05,16:19:05,16:27:05,16:35:05,16:43:05,16:51:05,16:59:05,17:07:05,17:14:05,17:20:05,17:26:05,17:31:05,17:36:05,17:41:05,17:46:05,17:51:05,17:56:05,18:01:05,18:06:05,18:11:05,18:16:05,18:21:05,18:26:05,18:31:05,18:36:05,18:41:05,18:47:05,18:54:05,19:01:05,19:09:05,19:17:05,19:25:05,19:33:05,19:41:05,19:49:05,19:57:05,20:05:05,20:13:05,20:21:05,20:29:05,20:37:05,20:45:05,20:53:05,21:01:05,21:09:05,21:17:05,21:25:05,21:33:05,21:41:05,21:49:05,21:57:05,22:05:05,22:13:05,22:21:05,22:29:05,22:37:05,22:46:05,22:55:05,23:05:05,23:15:05,23:26:05,23:37:15
1,평일(하),영대병원,출발,,5:47:00,6:00:30,6:12:30,6:23:30,6:33:30,6:43:30,6:52:30,7:01:30,7:09:30,7:16:30,7:22:30,7:28:30,7:34:30,7:39:30,7:44:30,7:49:30,7:54:30,7:59:30,8:04:30,8:09:30,8:14:30,8:19:30,8:24:30,8:29:30,8:34:30,8:39:30,8:44:30,8:49:30,8:54:30,8:59:30,9:04:30,9:09:30,9:14:30,9:19:30,9:25:30,9:32:30,9:39:30,9:47:30,9:55:30,10:03:30,10:11:30,10:19:30,10:27:30,10:35:30,10:43:30,10:51:30,10:59:30,11:07:30,11:15:30,11:23:30,11:31:30,11:39:30,11:47:30,11:55:30,12:03:30,12:11:30,12:19:30,12:27:30,12:35:30,12:43:30,12:51:30,12:59:30,13:07:30,13:15:30,13:23:30,13:31:30,13:39:30,13:47:30,13:55:30,14:03:30,14:11:30,14:19:30,14:27:30,14:35:30,14:43:30,14:51:30,14:59:30,15:07:30,15:15:30,15:23:30,15:31:30,15:39:30,15:47:30,15:55:30,16:03:30,16:11:30,16:19:30,16:27:30,16:35:30,16:43:30,16:51:30,16:59:30,17:07:30,17:14:30,17:20:30,17:26:30,17:31:30,17:36:30,17:41:30,17:46:30,17:51:30,17:56:30,18:01:30,18:06:30,18:11:30,18:16:30,18:21:30,18:26:30,18:31:30,18:36:30,18:41:30,18:47:30,18:54:30,19:01:30,19:09:30,19:17:30,19:25:30,19:33:30,19:41:30,19:49:30,19:57:30,20:05:30,20:13:30,20:21:30,20:29:30,20:37:30,20:45:30,20:53:30,21:01:30,21:09:30,21:17:30,21:25:30,21:33:30,21:41:30,21:49:30,21:57:30,22:05:30,22:13:30,22:21:30,22:29:30,22:37:30,22:46:30,22:55:30,23:05:30,23:15:30,23:26:30,23:37:40
1,평일(하),교대,도착,,5:48:25,6:01:55,6:13:55,6:24:55,6:34:55,6:44:55,6:53:55,7:02:55,7:10:55,7:17:55,7:23:55,7:29:55,7:35:55,7:40:55,7:45:55,7:50:55,7:55:55,8:00:55,8:05:55,8:10:55,8:15:55,8:20:55,8:25:55,8:30:55,8:35:55,8:40:55,8:45:55,8:50:55,8:55:55,9:00:55,9:05:55,9:10:55,9:15:55,9:20:55,9:26:55,9:33:55,9:40:55,9:48:55,9:56:55,10:04:55,10:12:55,10:20:55,10:28:55,10:36:55,10:44:55,10:52:55,11:00:55,11:08:55,11:16:55,11:24:55,11:32:55,11:40:55,11:48:55,11:56:55,12:04:55,12:12:55,12:20:55,12:28:55,12:36:55,12:44:55,12:52:55,13:00:55,13:08:55,13:16:55,13:24:55,13:32:55,13:40:55,13:48:55,13:56:55,14:04:55,14:12:55,14:20:55,14:28:55,14:36:55,14:44:55,14:52:55,15:00:55,15:08:55,15:16:55,15:24:55,15:32:55,15:40:55,15:48:55,15:56:55,16:04:55,16:12:55,16:20:55,16:28:55,16:36:55,16:44:55,16:52:55,17:00:55,17:08:55,17:15:55,17:21:55,17:27:55,17:32:55,17:37:55,17:42:55,17:47:55,17:52:55,17:57:55,18:02:55,18:07:55,18:12:55,18:17:55,18:22:55,18:27:55,18:32:55,18:37:55,18:42:55,18:48:55,18:55:55,19:02:55,19:10:55,19:18:55,19:26:55,19:34:55,19:42:55,19:50:55,19:58:55,20:06:55,20:14:55,20:22:55,20:30:55,20:38:55,20:46:55,20:54:55,21:02:55,21:10:55,21:18:55,21:26:55,21:34:55,21:42:55,21:50:55,21:58:55,22:06:55,22:14:55,22:22:55,22:30:55,22:38:55,22:47:55,22:56:55,23:06:55,23:16:55,23:27:55,23:39:05
1,평일(하),교대,출발,5:35:00,5:48:50,6:02:20,6:14:20,6:25:20,6:35:20,6:45:20,6:54:20,7:03:20,7:11:20,7:18:20,7:24:20,7:30:20,7:36:20,7:41:20,7:46:20,7:51:20,7:56:20,8:01:20,8:06:20,8:11:20,8:16:20,8:21:20,8:26:20,8:31:20,8:36:20,8:41:20,8:46:20,8:51:20,8:56:20,9:01:20,9:06:20,9:11:20,9:16:20,9:21:20,9:27:20,9:34:20,9:41:20,9:49:20,9:57:20,10:05:20,10:13:20,10:21:20,10:29:20,10:37:20,10:45:20,10:53:20,11:01:20,11:09:20,11:17:20,11:25:20,11:33:20,11:41:20,11:49:20,11:57:20,12:05:20,12:13:20,12:21:20,12:29:20,12:37:20,12:45:20,12:53:20,13:01:20,13:09:20,13:17:20,13:25:20,13:33:20,13:41:20,13:49:20,13:57:20,14:05:20,14:13:20,14:21:20,14:29:20,14:37:20,14:45:20,14:53:20,15:01:20,15:09:20,15:17:20,15:25:20,15:33:20,15:41:20,15:49:20,15:57:20,16:05:20,16:13:20,16:21:20,16:29:20,16:37:20,16:45:20,16:53:20,17:01:20,17:09:20,17:16:20,17:22:20,17:28:20,17:33:20,17:38:20,17:43:20,17:48:20,17:53:20,17:58:20,18:03:20,18:08:20,18:13:20,18:18:20,18:23:20,18:28:20,18:33:20,18:38:20,18:43:20,18:49:20,18:56:20,19:03:20,19:11:20,19:19:20,19:27:20,19:35:20,19:43:20,19:51:20,19:59:20,20:07:20,20:15:20,20:23:20,20:31:20,20:39:20,20:47:20,20:55:20,21:03:20,21:11:20,21:19:20,21:27:20,21:35:20,21:43:20,21:51:20,21:59:20,22:07:20,22:15:20,22:23:20,22:31:20,22:39:20,22:48:20,22:57:20,23:07:20,23:17:20,23:28:20,23:39:30
1,평일(하),명덕1,도착,5:36:10,5:50:00,6:03:30,6:15:30,6:26:30,6:36:30,6:46:30,6:55:30,7:04:30,7:12:30,7:19:30,7:25:30,7:31:30,7:37:30,7:42:30,7:47:30,7:52:30,7:57:30,8:02:30,8:07:30,8:12:30,8:17:30,8:22:30,8:27:30,8:32:30,8:37:30,8:42:30,8:47:30,8:52:30,8:57:30,9:02:30,9:07:30,9:12:30,9:17:30,9:22:30,9:28:30,9:35:30,9:42:30,9:50:30,9:58:30,10:06:30,10:14:30,10:22:30,10:30:30,10:38:30,10:46:30,10:54:30,11:02:30,11:10:30,11:18:30,11:26:30,11:34:30,11:42:30,11:50:30,11:58:30,12:06:30,12:14:30,12:22:30,12:30:30,12:38:30,12:46:30,12:54:30,13:02:30,13:10:30,13:18:30,13:26:30,13:34:30,13:42:30,13:50:30,13:58:30,14:06:30,14:14:30,14:22:30,14:30:30,14:38:30,14:46:30,14:54:30,15:02:30,15:10:30,15:18:30,15:26:30,15:34:30,15:42:30,15:50:30,15:58:30,16:06:30,16:14:30,16:22:30,16:30:30,16:38:30,16:46:30,16:54:30,17:02:30,17:10:30,17:17:30,17:23:30,17:29:30,17:34:30,17:39:30,17:44:30,17:49:30,17:54:30,17:59:30,18:04:30,18:09:30,18:14:30,18:19:30,18:24:30,18:29:30,18:34:30,18:39:30,18:44:30,18:50:30,18:57:30,19:04:30,19:12:30,19:20:30,19:28:30,19:36:30,19:44:30,19:52:30,20:00:30,20:08:30,20:16:30,20:24:30,20:32:30,20:40:30,20:48:30,20:56:30,21:04:30,21:12:30,21:20:30,21:28:30,21:36:30,21:44:30,21:52:30,22:00:30,22:08:30,22:16:30,22:24:30,22:32:30,22:40:30,22:49:30,22:58:30,23:08:30,23:18:30,23:29:30,23:40:40
1,평일(하),명덕1,출발,5:36:35,5:50:25,6:03:55,6:15:55,6:26:55,6:36:55,6:46:55,6:55:55,7:04:55,7:12:55,7:19:55,7:25:55,7:31:55,7:37:55,7:42:55,7:47:55,7:52:55,7:57:55,8:02:55,8:07:55,8:12:55,8:17:55,8:22:55,8:27:55,8:32:55,8:37:55,8:42:55,8:47:55,8:52:55,8:57:55,9:02:55,9:07:55,9:12:55,9:17:55,9:22:55,9:28:55,9:35:55,9:42:55,9:50:55,9:58:55,10:06:55,10:14:55,10:22:55,10:30:55,10:38:55,10:46:55,10:54:55,11:02:55,11:10:55,11:18:55,11:26:55,11:34:55,11:42:55,11:50:55,11:58:55,12:06:55,12:14:55,12:22:55,12:30:55,12:38:55,12:46:55,12:54:55,13:02:55,13:10:55,13:18:55,13:26:55,13:34:55,13:42:55,13:50:55,13:58:55,14:06:55,14:14:55,14:22:55,14:30:55,14:38:55,14:46:55,14:54:55,15:02:55,15:10:55,15:18:55,15:26:55,15:34:55,15:42:55,15:50:55,15:58:55,16:06:55,16:14:55,16:22:55,16:30:55,16:38:55,16:46:55,16:54:55,17:02:55,17:10:55,17:17:55,17:23:55,17:29:55,17:34:55,17:39:55,17:44:55,17:49:55,17:54:55,17:59:55,18:04:55,18:09:55,18:14:55,18:19:55,18:24:55,18:29:55,18:34:55,18:39:55,18:44:55,18:50:55,18:57:55,19:04:55,19:12:55,19:20:55,19:28:55,19:36:55,19:44:55,19:52:55,20:00:55,20:08:55,20:16:55,20:24:55,20:32:55,20:40:55,20:48:55,20:56:55,21:04:55,21:12:55,21:20:55,21:28:55,21:36:55,21:44:55,21:52:55,22:00:55,22:08:55,22:16:55,22:24:55,22:32:55,22:40:55,22:49:55,22:58:55,23:08:55,23:18:55,23:29:55,23:41:05
1,평일(하),반월당1,도착,5:37:45,5:51:35,6:05:05,6:17:05,6:28:05,6:38:05,6:48:05,6:57:05,7:06:05,7:14:05,7:21:05,7:27:05,7:33:05,7:39:05,7:44:05,7:49:05,7:54:05,7:59:05,8:04:05,8:09:05,8:14:05,8:19:05,8:24:05,8:29:05,8:34:05,8:39:05,8:44:05,8:49:05,8:54:05,8:59:05,9:04:05,9:09:05,9:14:05,9:19:05,9:24:05,9:30:05,9:37:05,9:44:05,9:52:05,10:00:05,10:08:05,10:16:05,10:24:05,10:32:05,10:40:05,10:48:05,10:56:05,11:04:05,11:12:05,11:20:05,11:28:05,11:36:05,11:44:05,11:52:05,12:00:05,12:08:05,12:16:05,12:24:05,12:32:05,12:40:05,12:48:05,12:56:05,13:04:05,13:12:05,13:20:05,13:28:05,13:36:05,13:44:05,13:52:05,14:00:05,14:08:05,14:16:05,14:24:05,14:32:05,14:40:05,14:48:05,14:56:05,15:04:05,15:12:05,15:20:05,15:28:05,15:36:05,15:44:05,15:52:05,16:00:05,16:08:05,16:16:05,16:24:05,16:32:05,16:40:05,16:48:05,16:56:05,17:04:05,17:12:05,17:19:05,17:25:05,17:31:05,17:36:05,17:41:05,17:46:05,17:51:05,17:56:05,18:01:05,18:06:05,18:11:05,18:16:05,18:21:05,18:26:05,18:31:05,18:36:05,18:41:05,18:46:05,18:52:05,18:59:05,19:06:05,19:14:05,19:22:05,19:30:05,19:38:05,19:46:05,19:54:05,20:02:05,20:10:05,20:18:05,20:26:05,20:34:05,20:42:05,20:50:05,20:58:05,21:06:05,21:14:05,21:22:05,21:30:05,21:38:05,21:46:05,21:54:05,22:02:05,22:10:05,22:18:05,22:26:05,22:34:05,22:42:05,22:51:05,23:00:05,23:10:05,23:20:05,23:31:05,23:42:15
1,평일(하),반월당1,출발,5:38:10,5:52:00,6:05:30,6:17:30,6:28:30,6:38:30,6:48:30,6:57:30,7:06:30,7:14:30,7:21:30,7:27:30,7:33:30,7:39:30,7:44:30,7:49:30,7:54:30,7:59:30,8:04:30,8:09:30,8:14:30,8:19:30,8:24:30,8:29:30,8:34:30,8:39:30,8:44:30,8:49:30,8:54:30,8:59:30,9:04:30,9:09:30,9:14:30,9:19:30,9:24:30,9:30:30,9:37:30,9:44:30,9:52:30,10:00:30,10:08:30,10:16:30,10:24:30,10:32:30,10:40:30,10:48:30,10:56:30,11:04:30,11:12:30,11:20:30,11:28:30,11:36:30,11:44:30,11:52:30,12:00:30,12:08:30,12:16:30,12:24:30,12:32:30,12:40:30,12:48:30,12:56:30,13:04:30,13:12:30,13:20:30,13:28:30,13:36:30,13:44:30,13:52:30,14:00:30,14:08:30,14:16:30,14:24:30,14:32:30,14:40:30,14:48:30,14:56:30,15:04:30,15:12:30,15:20:30,15:28:30,15:36:30,15:44:30,15:52:30,16:00:30,16:08:30,16:16:30,16:24:30,16:32:30,16:40:30,16:48:30,16:56:30,17:04:30,17:12:30,17:19:30,17:25:30,17:31:30,17:36:30,17:41:30,17:46:30,17:51:30,17:56:30,18:01:30,18:06:30,18:11:30,18:16:30,18:21:30,18:26:30,18:31:30,18:36:30,18:41:30,18:46:30,18:52:30,18:59:30,19:06:30,19:14:30,19:22:30,19:30:30,19:38:30,19:46:30,19:54:30,20:02:30,20:10:30,20:18:30,20:26:30,20:34:30,20:42:30,20:50:30,20:58:30,21:06:30,21:14:30,21:22:30,21:30:30,21:38:30,21:46:30,21:54:30,22:02:30,22:10:30,22:18:30,22:26:30,22:34:30,22:42:30,22:51:30,23:00:30,23:10:30,23:20:30,23:31:30,23:42:40
1,평일(하),중앙로,도착,5:39:20,5:53:10,6:06:40,6:18:40,6:29:40,6:39:40,6:49:40,6:58:40,7:07:40,7:15:40,7:22:40,7:28:40,7:34:40,7:40:40,7:45:40,7:50:40,7:55:40,8:00:40,8:05:40,8:10:40,8:15:40,8:20:40,8:25:40,8:30:40,8:35:40,8:40:40,8:45:40,8:50:40,8:55:40,9:00:40,9:05:40,9:10:40,9:15:40,9:20:40,9:25:40,9:31:40,9:38:40,9:45:40,9:53:40,10:01:40,10:09:40,10:17:40,10:25:40,10:33:40,10:41:40,10:49:40,10:57:40,11:05:40,11:13:40,11:21:40,11:29:40,11:37:40,11:45:40,11:53:40,12:01:40,12:09:40,12:17:40,12:25:40,12:33:40,12:41:40,12:49:40,12:57:40,13:05:40,13:13:40,13:21:40,13:29:40,13:37:40,13:45:40,13:53:40,14:01:40,14:09:40,14:17:40,14:25:40,14:33:40,14:41:40,14:49:40,14:57:40,15:05:40,15:13:40,15:21:40,15:29:40,15:37:40,15:45:40,15:53:40,16:01:40,16:09:40,16:17:40,16:25:40,16:33:40,16:41:40,16:49:40,16:57:40,17:05:40,17:13:40,17:20:40,17:26:40,17:32:40,17:37:40,17:42:40,17:47:40,17:52:40,17:57:40,18:02:40,18:07:40,18:12:40,18:17:40,18:22:40,18:27:40,18:32:40,18:37:40,18:42:40,18:47:40,18:53:40,19:00:40,19:07:40,19:15:40,19:23:40,19:31:40,19:39:40,19:47:40,19:55:40,20:03:40,20:11:40,20:19:40,20:27:40,20:35:40,20:43:40,20:51:40,20:59:40,21:07:40,21:15:40,21:23:40,21:31:40,21:39:40,21:47:40,21:55:40,22:03:40,22:11:40,22:19:40,22:27:40,22:35:40,22:43:40,22:52:40,23:01:40,23:11:40,23:21:40,23:32:40,23:43:50
1,평일(하),중앙로,출발,5:39:45,5:53:35,6:07:05,6:19:05,6:30:05,6:40:05,6:50:05,6:59:05,7:08:05,7:16:05,7:23:05,7:29:05,7:35:05,7:41:05,7:46:05,7:51:05,7:56:05,8:01:05,8:06:05,8:11:05,8:16:05,8:21:05,8:26:05,8:31:05,8:36:05,8:41:05,8:46:05,8:51:05,8:56:05,9:01:05,9:06:05,9:11:05,9:16:05,9:21:05,9:26:05,9:32:05,9:39:05,9:46:05,9:54:05,10:02:05,10:10:05,10:18:05,10:26:05,10:34:05,10:42:05,10:50:05,10:58:05,11:06:05,11:14:05,11:22:05,11:30:05,11:38:05,11:46:05,11:54:05,12:02:05,12:10:05,12:18:05,12:26:05,12:34:05,12:42:05,12:50:05,12:58:05,13:06:05,13:14:05,13:22:05,13:30:05,13:38:05,13:46:05,13:54:05,14:02:05,14:10:05,14:18:05,14:26:05,14:34:05,14:42:05,14:50:05,14:58:05,15:06:05,15:14:05,15:22:05,15:30:05,15:38:05,15:46:05,15:54:05,16:02:05,16:10:05,16:18:05,16:26:05,16:34:05,16:42:05,16:50:05,16:58:05,17:06:05,17:14:05,17:21:05,17:27:05,17:33:05,17:38:05,17:43:05,17:48:05,17:53:05,17:58:05,18:03:05,18:08:05,18:13:05,18:18:05,18:23:05,18:28:05,18:33:05,18:38:05,18:43:05,18:48:05,18:54:05,19:01:05,19:08:05,19:16:05,19:24:05,19:32:05,19:40:05,19:48:05,19:56:05,20:04:05,20:12:05,20:20:05,20:28:05,20:36:05,20:44:05,20:52:05,21:00:05,21:08:05,21:16:05,21:24:05,21:32:05,21:40:05,21:48:05,21:56:05,22:04:05,22:12:05,22:20:05,22:28:05,22:36:05,22:44:05,22:53:05,23:02:05,23:12:05,23:22:05,23:33:05,23:44:15
1,평일(하),대구역,도착,5:41:05,5:54:55,6:08:25,6:20:25,6:31:25,6:41:25,6:51:25,7:00:25,7:09:25,7:17:25,7:24:25,7:30:25,7:36:25,7:42:25,7:47:25,7:52:25,7:57:25,8:02:25,8:07:25,8:12:25,8:17:25,8:22:25,8:27:25,8:32:25,8:37:25,8:42:25,8:47:25,8:52:25,8:57:25,9:02:25,9:07:25,9:12:25,9:17:25,9:22:25,9:27:25,9:33:25,9:40:25,9:47:25,9:55:25,10:03:25,10:11:25,10:19:25,10:27:25,10:35:25,10:43:25,10:51:25,10:59:25,11:07:25,11:15:25,11:23:25,11:31:25,11:39:25,11:47:25,11:55:25,12:03:25,12:11:25,12:19:25,12:27:25,12:35:25,12:43:25,12:51:25,12:59:25,13:07:25,13:15:25,13:23:25,13:31:25,13:39:25,13:47:25,13:55:25,14:03:25,14:11:25,14:19:25,14:27:25,14:35:25,14:43:25,14:51:25,14:59:25,15:07:25,15:15:25,15:23:25,15:31:25,15:39:25,15:47:25,15:55:25,16:03:25,16:11:25,16:19:25,16:27:25,16:35:25,16:43:25,16:51:25,16:59:25,17:07:25,17:15:25,17:22:25,17:28:25,17:34:25,17:39:25,17:44:25,17:49:25,17:54:25,17:59:25,18:04:25,18:09:25,18:14:25,18:19:25,18:24:25,18:29:25,18:34:25,18:39:25,18:44:25,18:49:25,18:55:25,19:02:25,19:09:25,19:17:25,19:25:25,19:33:25,19:41:25,19:49:25,19:57:25,20:05:25,20:13:25,20:21:25,20:29:25,20:37:25,20:45:25,20:53:25,21:01:25,21:09:25,21:17:25,21:25:25,21:33:25,21:41:25,21:49:25,21:57:25,22:05:25,22:13:25,22:21:25,22:29:25,22:37:25,22:45:25,22:54:25,23:03:25,23:13:25,23:23:25,23:34:25,23:45:35
1,평일(하),대구역,출발,5:41:30,5:55:20,6:08:50,6:20:50,6:31:50,6:41:50,6:51:50,7:00:50,7:09:50,7:17:50,7:24:50,7:30:50,7:36:50,7:42:50,7:47:50,7:52:50,7:57:50,8:02:50,8:07:50,8:12:50,8:17:50,8:22:50,8:27:50,8:32:50,8:37:50,8:42:50,8:47:50,8:52:50,8:57:50,9:02:50,9:07:50,9:12:50,9:17:50,9:22:50,9:27:50,9:33:50,9:40:50,9:47:50,9:55:50,10:03:50,10:11:50,10:19:50,10:27:50,10:35:50,10:43:50,10:51:50,10:59:50,11:07:50,11:15:50,11:23:50,11:31:50,11:39:50,11:47:50,11:55:50,12:03:50,12:11:50,12:19:50,12:27:50,12:35:50,12:43:50,12:51:50,12:59:50,13:07:50,13:15:50,13:23:50,13:31:50,13:39:50,13:47:50,13:55:50,14:03:50,14:11:50,14:19:50,14:27:50,14:35:50,14:43:50,14:51:50,14:59:50,15:07:50,15:15:50,15:23:50,15:31:50,15:39:50,15:47:50,15:55:50,16:03:50,16:11:50,16:19:50,16:27:50,16:35:50,16:43:50,16:51:50,16:59:50,17:07:50,17:15:50,17:22:50,17:28:50,17:34:50,17:39:50,17:44:50,17:49:50,17:54:50,17:59:50,18:04:50,18:09:50,18:14:50,18:19:50,18:24:50,18:29:50,18:34:50,18:39:50,18:44:50,18:49:50,18:55:50,19:02:50,19:09:50,19:17:50,19:25:50,19:33:50,19:41:50,19:49:50,19:57:50,20:05:50,20:13:50,20:21:50,20:29:50,20:37:50,20:45:50,20:53:50,21:01:50,21:09:50,21:17:50,21:25:50,21:33:50,21:41:50,21:49:50,21:57:50,22:05:50,22:13:50,22:21:50,22:29:50,22:37:50,22:45:50,22:54:50,23:03:50,23:13:50,23:23:50,23:34:50,23:46:00
1,평일(하),칠성시장,도착,5:42:45,5:56:35,6:10:05,6:22:05,6:33:05,6:43:05,6:53:05,7:02:05,7:11:05,7:19:05,7:26:05,7:32:05,7:38:05,7:44:05,7:49:05,7:54:05,7:59:05,8:04:05,8:09:05,8:14:05,8:19:05,8:24:05,8:29:05,8:34:05,8:39:05,8:44:05,8:49:05,8:54:05,8:59:05,9:04:05,9:09:05,9:14:05,9:19:05,9:24:05,9:29:05,9:35:05,9:42:05,9:49:05,9:57:05,10:05:05,10:13:05,10:21:05,10:29:05,10:37:05,10:45:05,10:53:05,11:01:05,11:09:05,11:17:05,11:25:05,11:33:05,11:41:05,11:49:05,11:57:05,12:05:05,12:13:05,12:21:05,12:29:05,12:37:05,12:45:05,12:53:05,13:01:05,13:09:05,13:17:05,13:25:05,13:33:05,13:41:05,13:49:05,13:57:05,14:05:05,14:13:05,14:21:05,14:29:05,14:37:05,14:45:05,14:53:05,15:01:05,15:09:05,15:17:05,15:25:05,15:33:05,15:41:05,15:49:05,15:57:05,16:05:05,16:13:05,16:21:05,16:29:05,16:37:05,16:45:05,16:53:05,17:01:05,17:09:05,17:17:05,17:24:05,17:30:05,17:36:05,17:41:05,17:46:05,17:51:05,17:56:05,18:01:05,18:06:05,18:11:05,18:16:05,18:21:05,18:26:05,18:31:05,18:36:05,18:41:05,18:46:05,18:51:05,18:57:05,19:04:05,19:11:05,19:19:05,19:27:05,19:35:05,19:43:05,19:51:05,19:59:05,20:07:05,20:15:05,20:23:05,20:31:05,20:39:05,20:47:05,20:55:05,21:03:05,21:11:05,21:19:05,21:27:05,21:35:05,21:43:05,21:51:05,21:59:05,22:07:05,22:15:05,22:23:05,22:31:05,22:39:05,22:47:05,22:56:05,23:05:05,23:15:05,23:25:05,23:36:05,23:47:15
1,평일(하),칠성시장,출발,5:43:10,5:57:00,6:10:30,6:22:30,6:33:30,6:43:30,6:53:30,7:02:30,7:11:30,7:19:30,7:26:30,7:32:30,7:38:30,7:44:30,7:49:30,7:54:30,7:59:30,8:04:30,8:09:30,8:14:30,8:19:30,8:24:30,8:29:30,8:34:30,8:39:30,8:44:30,8:49:30,8:54:30,8:59:30,9:04:30,9:09:30,9:14:30,9:19:30,9:24:30,9:29:30,9:35:30,9:42:30,9:49:30,9:57:30,10:05:30,10:13:30,10:21:30,10:29:30,10:37:30,10:45:30,10:53:30,11:01:30,11:09:30,11:17:30,11:25:30,11:33:30,11:41:30,11:49:30,11:57:30,12:05:30,12:13:30,12:21:30,12:29:30,12:37:30,12:45:30,12:53:30,13:01:30,13:09:30,13:17:30,13:25:30,13:33:30,13:41:30,13:49:30,13:57:30,14:05:30,14:13:30,14:21:30,14:29:30,14:37:30,14:45:30,14:53:30,15:01:30,15:09:30,15:17:30,15:25:30,15:33:30,15:41:30,15:49:30,15:57:30,16:05:30,16:13:30,16:21:30,16:29:30,16:37:30,16:45:30,16:53:30,17:01:30,17:09:30,17:17:30,17:24:30,17:30:30,17:36:30,17:41:30,17:46:30,17:51:30,17:56:30,18:01:30,18:06:30,18:11:30,18:16:30,18:21:30,18:26:30,18:31:30,18:36:30,18:41:30,18:46:30,18:51:30,18:57:30,19:04:30,19:11:30,19:19:30,19:27:30,19:35:30,19:43:30,19:51:30,19:59:30,20:07:30,20:15:30,20:23:30,20:31:30,20:39:30,20:47:30,20:55:30,21:03:30,21:11:30,21:19:30,21:27:30,21:35:30,21:43:30,21:51:30,21:59:30,22:07:30,22:15:30,22:23:30,22:31:30,22:39:30,22:47:30,22:56:30,23:05:30,23:15:30,23:25:30,23:36:30,23:47:40
1,평일(하),신천,도착,5:44:45,5:58:35,6:12:05,6:24:05,6:35:05,6:45:05,6:55:05,7:04:05,7:13:05,7:21:05,7:28:05,7:34:05,7:40:05,7:46:05,7:51:05,7:56:05,8:01:05,8:06:05,8:11:05,8:16:05,8:21:05,8:26:05,8:31:05,8:36:05,8:41:05,8:46:05,8:51:05,8:56:05,9:01:05,9:06:05,9:11:05,9:16:05,9:21:05,9:26:05,9:31:05,9:37:05,9:44:05,9:51:05,9:59:05,10:07:05,10:15:05,10:23:05,10:31:05,10:39:05,10:47:05,10:55:05,11:03:05,11:11:05,11:19:05,11:27:05,11:35:05,11:43:05,11:51:05,11:59:05,12:07:05,12:15:05,12:23:05,12:31:05,12:39:05,12:47:05,12:55:05,13:03:05,13:11:05,13:19:05,13:27:05,13:35:05,13:43:05,13:51:05,13:59:05,14:07:05,14:15:05,14:23:05,14:31:05,14:39:05,14:47:05,14:55:05,15:03:05,15:11:05,15:19:05,15:27:05,15:35:05,15:43:05,15:51:05,15:59:05,16:07:05,16:15:05,16:23:05,16:31:05,16:39:05,16:47:05,16:55:05,17:03:05,17:11:05,17:19:05,17:26:05,17:32:05,17:38:05,17:43:05,17:48:05,17:53:05,17:58:05,18:03:05,18:08:05,18:13:05,18:18:05,18:23:05,18:28:05,18:33:05,18:38:05,18:43:05,18:48:05,18:53:05,18:59:05,19:06:05,19:13:05,19:21:05,19:29:05,19:37:05,19:45:05,19:53:05,20:01:05,20:09:05,20:17:05,20:25:05,20:33:05,20:41:05,20:49:05,20:57:05,21:05:05,21:13:05,21:21:05,21:29:05,21:37:05,21:45:05,21:53:05,22:01:05,22:09:05,22:17:05,22:25:05,22:33:05,22:41:05,22:49:05,22:58:05,23:07:05,23:17:05,23:27:05,23:38:05,23:49:15
1,평일(하),신천,출발,5:45:10,5:59:00,6:12:30,6:24:30,6:35:30,6:45:30,6:55:30,7:04:30,7:13:30,7:21:30,7:28:30,7:34:30,7:40:30,7:46:30,7:51:30,7:56:30,8:01:30,8:06:30,8:11:30,8:16:30,8:21:30,8:26:30,8:31:30,8:36:30,8:41:30,8:46:30,8:51:30,8:56:30,9:01:30,9:06:30,9:11:30,9:16:30,9:21:30,9:26:30,9:31:30,9:37:30,9:44:30,9:51:30,9:59:30,10:07:30,10:15:30,10:23:30,10:31:30,10:39:30,10:47:30,10:55:30,11:03:30,11:11:30,11:19:30,11:27:30,11:35:30,11:43:30,11:51:30,11:59:30,12:07:30,12:15:30,12:23:30,12:31:30,12:39:30,12:47:30,12:55:30,13:03:30,13:11:30,13:19:30,13:27:30,13:35:30,13:43:30,13:51:30,13:59:30,14:07:30,14:15:30,14:23:30,14:31:30,14:39:30,14:47:30,14:55:30,15:03:30,15:11:30,15:19:30,15:27:30,15:35:30,15:43:30,15:51:30,15:59:30,16:07:30,16:15:30,16:23:30,16:31:30,16:39:30,16:47:30,16:55:30,17:03:30,17:11:30,17:19:30,17:26:30,17:32:30,17:38:30,17:43:30,17:48:30,17:53:30,17:58:30,18:03:30,18:08:30,18:13:30,18:18:30,18:23:30,18:28:30,18:33:30,18:38:30,18:43:30,18:48:30,18:53:30,18:59:30,19:06:30,19:13:30,19:21:30,19:29:30,19:37:30,19:45:30,19:53:30,20:01:30,20:09:30,20:17:30,20:25:30,20:33:30,20:41:30,20:49:30,20:57:30,21:05:30,21:13:30,21:21:30,21:29:30,21:37:30,21:45:30,21:53:30,22:01:30,22:09:30,22:17:30,22:25:30,22:33:30,22:41:30,22:49:30,22:58:30,23:07:30,23:17:30,23:27:30,23:38:30,23:49:40
1,평일(하),동대구역,도착,5:46:30,6:00:20,6:13:50,6:25:50,6:36:50,6:46:50,6:56:50,7:05:50,7:14:50,7:22:50,7:29:50,7:35:50,7:41:50,7:47:50,7:52:50,7:57:50,8:02:50,8:07:50,8:12:50,8:17:50,8:22:50,8:27:50,8:32:50,8:37:50,8:42:50,8:47:50,8:52:50,8:57:50,9:02:50,9:07:50,9:12:50,9:17:50,9:22:50,9:27:50,9:32:50,9:38:50,9:45:50,9:52:50,10:00:50,10:08:50,10:16:50,10:24:50,10:32:50,10:40:50,10:48:50,10:56:50,11:04:50,11:12:50,11:20:50,11:28:50,11:36:50,11:44:50,11:52:50,12:00:50,12:08:50,12:16:50,12:24:50,12:32:50,12:40:50,12:48:50,12:56:50,13:04:50,13:12:50,13:20:50,13:28:50,13:36:50,13:44:50,13:52:50,14:00:50,14:08:50,14:16:50,14:24:50,14:32:50,14:40:50,14:48:50,14:56:50,15:04:50,15:12:50,15:20:50,15:28:50,15:36:50,15:44:50,15:52:50,16:00:50,16:08:50,16:16:50,16:24:50,16:32:50,16:40:50,16:48:50,16:56:50,17:04:50,17:12:50,17:20:50,17:27:50,17:33:50,17:39:50,17:44:50,17:49:50,17:54:50,17:59:50,18:04:50,18:09:50,18:14:50,18:19:50,18:24:50,18:29:50,18:34:50,18:39:50,18:44:50,18:49:50,18:54:50,19:00:50,19:07:50,19:14:50,19:22:50,19:30:50,19:38:50,19:46:50,19:54:50,20:02:50,20:10:50,20:18:50,20:26:50,20:34:50,20:42:50,20:50:50,20:58:50,21:06:50,21:14:50,21:22:50,21:30:50,21:38:50,21:46:50,21:54:50,22:02:50,22:10:50,22:18:50,22:26:50,22:34:50,22:42:50,22:50:50,22:59:50,23:08:50,23:18:50,23:28:50,23:39:50,23:51:00
1,평일(하),동대구역,출발,5:46:55,6:00:45,6:14:15,6:26:15,6:37:15,6:47:15,6:57:15,7:06:15,7:15:15,7:23:15,7:30:15,7:36:15,7:42:15,7:48:15,7:53:15,7:58:15,8:03:15,8:08:15,8:13:15,8:18:15,8:23:15,8:28:15,8:33:15,8:38:15,8:43:15,8:48:15,8:53:15,8:58:15,9:03:15,9:08:15,9:13:15,9:18:15,9:23:15,9:28:15,9:33:15,9:39:15,9:46:15,9:53:15,10:01:15,10:09:15,10:17:15,10:25:15,10:33:15,10:41:15,10:49:15,10:57:15,11:05:15,11:13:15,11:21:15,11:29:15,11:37:15,11:45:15,11:53:15,12:01:15,12:09:15,12:17:15,12:25:15,12:33:15,12:41:15,12:49:15,12:57:15,13:05:15,13:13:15,13:21:15,13:29:15,13:37:15,13:45:15,13:53:15,14:01:15,14:09:15,14:17:15,14:25:15,14:33:15,14:41:15,14:49:15,14:57:15,15:05:15,15:13:15,15:21:15,15:29:15,15:37:15,15:45:15,15:53:15,16:01:15,16:09:15,16:17:15,16:25:15,16:33:15,16:41:15,16:49:15,16:57:15,17:05:15,17:13:15,17:21:15,17:28:15,17:34:15,17:40:15,17:45:15,17:50:15,17:55:15,18:00:15,18:05:15,18:10:15,18:15:15,18:20:15,18:25:15,18:30:15,18:35:15,18:40:15,18:45:15,18:50:15,18:55:15,19:01:15,19:08:15,19:15:15,19:23:15,19:31:15,19:39:15,19:47:15,19:55:15,20:03:15,20:11:15,20:19:15,20:27:15,20:35:15,20:43:15,20:51:15,20:59:15,21:07:15,21:15:15,21:23:15,21:31:15,21:39:15,21:47:15,21:55:15,22:03:15,22:11:15,22:19:15,22:27:15,22:35:15,22:43:15,22:51:15,23:00:15,23:09:15,23:19:15,23:29:15,23:40:15,23:51:25
1,평일(하),동구청,도착,5:48:05,6:01:55,6:15:25,6:27:25,6:38:25,6:48:25,6:58:25,7:07:25,7:16:25,7:24:25,7:31:25,7:37:25,7:43:25,7:49:25,7:54:25,7:59:25,8:04:25,8:09:25,8:14:25,8:19:25,8:24:25,8:29:25,8:34:25,8:39:25,8:44:25,8:49:25,8:54:25,8:59:25,9:04:25,9:09:25,9:14:25,9:19:25,9:24:25,9:29:25,9:34:25,9:40:25,9:47:25,9:54:25,10:02:25,10:10:25,10:18:25,10:26:25,10:34:25,10:42:25,10:50:25,10:58:25,11:06:25,11:14:25,11:22:25,11:30:25,11:38:25,11:46:25,11:54:25,12:02:25,12:10:25,12:18:25,12:26:25,12:34:25,12:42:25,12:50:25,12:58:25,13:06:25,13:14:25,13:22:25,13:30:25,13:38:25,13:46:25,13:54:25,14:02:25,14:10:25,14:18:25,14:26:25,14:34:25,14:42:25,14:50:25,14:58:25,15:06:25,15:14:25,15:22:25,15:30:25,15:38:25,15:46:25,15:54:25,16:02:25,16:10:25,16:18:25,16:26:25,16:34:25,16:42:25,16:50:25,16:58:25,17:06:25,17:14:25,17:22:25,17:29:25,17:35:25,17:41:25,17:46:25,17:51:25,17:56:25,18:01:25,18:06:25,18:11:25,18:16:25,18:21:25,18:26:25,18:31:25,18:36:25,18:41:25,18:46:25,18:51:25,18:56:25,19:02:25,19:09:25,19:16:25,19:24:25,19:32:25,19:40:25,19:48:25,19:56:25,20:04:25,20:12:25,20:20:25,20:28:25,20:36:25,20:44:25,20:52:25,21:00:25,21:08:25,21:16:25,21:24:25,21:32:25,21:40:25,21:48:25,21:56:25,22:04:25,22:12:25,22:20:25,22:28:25,22:36:25,22:44:25,22:52:25,23:01:25,23:10:25,23:20:25,23:30:25,23:41:25,23:52:35
1,평일(하),동구청,출발,5:48:30,6:02:20,6:15:50,6:27:50,6:38:50,6:48:50,6:58:50,7:07:50,7:16:50,7:24:50,7:31:50,7:37:50,7:43:50,7:49:50,7:54:50,7:59:50,8:04:50,8:09:50,8:14:50,8:19:50,8:24:50,8:29:50,8:34:50,8:39:50,8:44:50,8:49:50,8:54:50,8:59:50,9:04:50,9:09:50,9:14:50,9:19:50,9:24:50,9:29:50,9:34:50,9:40:50,9:47:50,9:54:50,10:02:50,10:10:50,10:18:50,10:26:50,10:34:50,10:42:50,10:50:50,10:58:50,11:06:50,11:14:50,11:22:50,11:30:50,11:38:50,11:46:50,11:54:50,12:02:50,12:10:50,12:18:50,12:26:50,12:34:50,12:42:50,12:50:50,12:58:50,13:06:50,13:14:50,13:22:50,13:30:50,13:38:50,13:46:50,13:54:50,14:02:50,14:10:50,14:18:50,14:26:50,14:34:50,14:42:50,14:50:50,14:58:50,15:06:50,15:14:50,15:22:50,15:30:50,15:38:50,15:46:50,15:54:50,16:02:50,16:10:50,16:18:50,16:26:50,16:34:50,16:42:50,16:50:50,16:58:50,17:06:50,17:14:50,17:22:50,17:29:50,17:35:50,17:41:50,17:46:50,17:51:50,17:56:50,18:01:50,18:06:50,18:11:50,18:16:50,18:21:50,18:26:50,18:31:50,18:36:50,18:41:50,18:46:50,18:51:50,18:56:50,19:02:50,19:09:50,19:16:50,19:24:50,19:32:50,19:40:50,19:48:50,19:56:50,20:04:50,20:12:50,20:20:50,20:28:50,20:36:50,20:44:50,20:52:50,21:00:50,21:08:50,21:16:50,21:24:50,21:32:50,21:40:50,21:48:50,21:56:50,22:04:50,22:12:50,22:20:50,22:28:50,22:36:50,22:44:50,22:52:50,23:01:50,23:10:50,23:20:50,23:30:50,23:41:50,23:53:00
1,평일(하),아양교,도착,5:49:45,6:03:35,6:17:05,6:29:05,6:40:05,6:50:05,7:00:05,7:09:05,7:18:05,7:26:05,7:33:05,7:39:05,7:45:05,7:51:05,7:56:05,8:01:05,8:06:05,8:11:05,8:16:05,8:21:05,8:26:05,8:31:05,8:36:05,8:41:05,8:46:05,8:51:05,8:56:05,9:01:05,9:06:05,9:11:05,9:16:05,9:21:05,9:26:05,9:31:05,9:36:05,9:42:05,9:49:05,9:56:05,10:04:05,10:12:05,10:20:05,10:28:05,10:36:05,10:44:05,10:52:05,11:00:05,11:08:05,11:16:05,11:24:05,11:32:05,11:40:05,11:48:05,11:56:05,12:04:05,12:12:05,12:20:05,12:28:05,12:36:05,12:44:05,12:52:05,13:00:05,13:08:05,13:16:05,13:24:05,13:32:05,13:40:05,13:48:05,13:56:05,14:04:05,14:12:05,14:20:05,14:28:05,14:36:05,14:44:05,14:52:05,15:00:05,15:08:05,15:16:05,15:24:05,15:32:05,15:40:05,15:48:05,15:56:05,16:04:05,16:12:05,16:20:05,16:28:05,16:36:05,16:44:05,16:52:05,17:00:05,17:08:05,17:16:05,17:24:05,17:31:05,17:37:05,17:43:05,17:48:05,17:53:05,17:58:05,18:03:05,18:08:05,18:13:05,18:18:05,18:23:05,18:28:05,18:33:05,18:38:05,18:43:05,18:48:05,18:53:05,18:58:05,19:04:05,19:11:05,19:18:05,19:26:05,19:34:05,19:42:05,19:50:05,19:58:05,20:06:05,20:14:05,20:22:05,20:30:05,20:38:05,20:46:05,20:54:05,21:02:05,21:10:05,21:18:05,21:26:05,21:34:05,21:42:05,21:50:05,21:58:05,22:06:05,22:14:05,22:22:05,22:30:05,22:38:05,22:46:05,22:54:05,23:03:05,23:12:05,23:22:05,23:32:05,23:43:05,23:54:15
1,평일(하),아양교,출발,5:50:10,6:04:00,6:17:30,6:29:30,6:40:30,6:50:30,7:00:30,7:09:30,7:18:30,7:26:30,7:33:30,7:39:30,7:45:30,7:51:30,7:56:30,8:01:30,8:06:30,8:11:30,8:16:30,8:21:30,8:26:30,8:31:30,8:36:30,8:41:30,8:46:30,8:51:30,8:56:30,9:01:30,9:06:30,9:11:30,9:16:30,9:21:30,9:26:30,9:31:30,9:36:30,9:42:30,9:49:30,9:56:30,10:04:30,10:12:30,10:20:30,10:28:30,10:36:30,10:44:30,10:52:30,11:00:30,11:08:30,11:16:30,11:24:30,11:32:30,11:40:30,11:48:30,11:56:30,12:04:30,12:12:30,12:20:30,12:28:30,12:36:30,12:44:30,12:52:30,13:00:30,13:08:30,13:16:30,13:24:30,13:32:30,13:40:30,13:48:30,13:56:30,14:04:30,14:12:30,14:20:30,14:28:30,14:36:30,14:44:30,14:52:30,15:00:30,15:08:30,15:16:30,15:24:30,15:32:30,15:40:30,15:48:30,15:56:30,16:04:30,16:12:30,16:20:30,16:28:30,16:36:30,16:44:30,16:52:30,17:00:30,17:08:30,17:16:30,17:24:30,17:31:30,17:37:30,17:43:30,17:48:30,17:53:30,17:58:30,18:03:30,18:08:30,18:13:30,18:18:30,18:23:30,18:28:30,18:33:30,18:38:30,18:43:30,18:48:30,18:53:30,18:58:30,19:04:30,19:11:30,19:18:30,19:26:30,19:34:30,19:42:30,19:50:30,19:58:30,20:06:30,20:14:30,20:22:30,20:30:30,20:38:30,20:46:30,20:54:30,21:02:30,21:10:30,21:18:30,21:26:30,21:34:30,21:42:30,21:50:30,21:58:30,22:06:30,22:14:30,22:22:30,22:30:30,22:38:30,22:46:30,22:54:30,23:03:30,23:12:30,23:22:30,23:32:30,23:43:30,23:54:40
1,평일(하),동촌,도착,5:51:50,6:05:40,6:19:10,6:31:10,6:42:10,6:52:10,7:02:10,7:11:10,7:20:10,7:28:10,7:35:10,7:41:10,7:47:10,7:53:10,7:58:10,8:03:10,8:08:10,8:13:10,8:18:10,8:23:10,8:28:10,8:33:10,8:38:10,8:43:10,8:48:10,8:53:10,8:58:10,9:03:10,9:08:10,9:13:10,9:18:10,9:23:10,9:28:10,9:33:10,9:38:10,9:44:10,9:51:10,9:58:10,10:06:10,10:14:10,10:22:10,10:30:10,10:38:10,10:46:10,10:54:10,11:02:10,11:10:10,11:18:10,11:26:10,11:34:10,11:42:10,11:50:10,11:58:10,12:06:10,12:14:10,12:22:10,12:30:10,12:38:10,12:46:10,12:54:10,13:02:10,13:10:10,13:18:10,13:26:10,13:34:10,13:42:10,13:50:10,13:58:10,14:06:10,14:14:10,14:22:10,14:30:10,14:38:10,14:46:10,14:54:10,15:02:10,15:10:10,15:18:10,15:26:10,15:34:10,15:42:10,15:50:10,15:58:10,16:06:10,16:14:10,16:22:10,16:30:10,16:38:10,16:46:10,16:54:10,17:02:10,17:10:10,17:18:10,17:26:10,17:33:10,17:39:10,17:45:10,17:50:10,17:55:10,18:00:10,18:05:10,18:10:10,18:15:10,18:20:10,18:25:10,18:30:10,18:35:10,18:40:10,18:45:10,18:50:10,18:55:10,19:00:10,19:06:10,19:13:10,19:20:10,19:28:10,19:36:10,19:44:10,19:52:10,20:00:10,20:08:10,20:16:10,20:24:10,20:32:10,20:40:10,20:48:10,20:56:10,21:04:10,21:12:10,21:20:10,21:28:10,21:36:10,21:44:10,21:52:10,22:00:10,22:08:10,22:16:10,22:24:10,22:32:10,22:40:10,22:48:10,22:56:10,23:05:10,23:14:10,23:24:10,23:34:10,23:45:10,23:56:20
1,평일(하),동촌,출발,5:52:15,6:06:05,6:19:35,6:31:35,6:42:35,6:52:35,7:02:35,7:11:35,7:20:35,7:28:35,7:35:35,7:41:35,7:47:35,7:53:35,7:58:35,8:03:35,8:08:35,8:13:35,8:18:35,8:23:35,8:28:35,8:33:35,8:38:35,8:43:35,8:48:35,8:53:35,8:58:35,9:03:35,9:08:35,9:13:35,9:18:35,9:23:35,9:28:35,9:33:35,9:38:35,9:44:35,9:51:35,9:58:35,10:06:35,10:14:35,10:22:35,10:30:35,10:38:35,10:46:35,10:54:35,11:02:35,11:10:35,11:18:35,11:26:35,11:34:35,11:42:35,11:50:35,11:58:35,12:06:35,12:14:35,12:22:35,12:30:35,12:38:35,12:46:35,12:54:35,13:02:35,13:10:35,13:18:35,13:26:35,13:34:35,13:42:35,13:50:35,13:58:35,14:06:35,14:14:35,14:22:35,14:30:35,14:38:35,14:46:35,14:54:35,15:02:35,15:10:35,15:18:35,15:26:35,15:34:35,15:42:35,15:50:35,15:58:35,16:06:35,16:14:35,16:22:35,16:30:35,16:38:35,16:46:35,16:54:35,17:02:35,17:10:35,17:18:35,17:26:35,17:33:35,17:39:35,17:45:35,17:50:35,17:55:35,18:00:35,18:05:35,18:10:35,18:15:35,18:20:35,18:25:35,18:30:35,18:35:35,18:40:35,18:45:35,18:50:35,18:55:35,19:00:35,19:06:35,19:13:35,19:20:35,19:28:35,19:36:35,19:44:35,19:52:35,20:00:35,20:08:35,20:16:35,20:24:35,20:32:35,20:40:35,20:48:35,20:56:35,21:04:35,21:12:35,21:20:35,21:28:35,21:36:35,21:44:35,21:52:35,22:00:35,22:08:35,22:16:35,22:24:35,22:32:35,22:40:35,22:48:35,22:56:35,23:05:35,23:14:35,23:24:35,23:34:35,23:45:35,23:56:45
1,평일(하),해안,도착,5:53:35,6:07:25,6:20:55,6:32:55,6:43:55,6:53:55,7:03:55,7:12:55,7:21:55,7:29:55,7:36:55,7:42:55,7:48:55,7:54:55,7:59:55,8:04:55,8:09:55,8:14:55,8:19:55,8:24:55,8:29:55,8:34:55,8:39:55,8:44:55,8:49:55,8:54:55,8:59:55,9:04:55,9:09:55,9:14:55,9:19:55,9:24:55,9:29:55,9:34:55,9:39:55,9:45:55,9:52:55,9:59:55,10:07:55,10:15:55,10:23:55,10:31:55,10:39:55,10:47:55,10:55:55,11:03:55,11:11:55,11:19:55,11:27:55,11:35:55,11:43:55,11:51:55,11:59:55,12:07:55,12:15:55,12:23:55,12:31:55,12:39:55,12:47:55,12:55:55,13:03:55,13:11:55,13:19:55,13:27:55,13:35:55,13:43:55,13:51:55,13:59:55,14:07:55,14:15:55,14:23:55,14:31:55,14:39:55,14:47:55,14:55:55,15:03:55,15:11:55,15:19:55,15:27:55,15:35:55,15:43:55,15:51:55,15:59:55,16:07:55,16:15:55,16:23:55,16:31:55,16:39:55,16:47:55,16:55:55,17:03:55,17:11:55,17:19:55,17:27:55,17:34:55,17:40:55,17:46:55,17:51:55,17:56:55,18:01:55,18:06:55,18:11:55,18:16:55,18:21:55,18:26:55,18:31:55,18:36:55,18:41:55,18:46:55,18:51:55,18:56:55,19:01:55,19:07:55,19:14:55,19:21:55,19:29:55,19:37:55,19:45:55,19:53:55,20:01:55,20:09:55,20:17:55,20:25:55,20:33:55,20:41:55,20:49:55,20:57:55,21:05:55,21:13:55,21:21:55,21:29:55,21:37:55,21:45:55,21:53:55,22:01:55,22:09:55,22:17:55,22:25:55,22:33:55,22:41:55,22:49:55,22:57:55,23:06:55,23:15:55,23:25:55,23:35:55,23:46:55,23:58:05
1,평일(하),해안,출발,5:54:00,6:07:50,6:21:20,6:33:20,6:44:20,6:54:20,7:04:20,7:13:20,7:22:20,7:30:20,7:37:20,7:43:20,7:49:20,7:55:20,8:00:20,8:05:20,8:10:20,8:15:20,8:20:20,8:25:20,8:30:20,8:35:20,8:40:20,8:45:20,8:50:20,8:55:20,9:00:20,9:05:20,9:10:20,9:15:20,9:20:20,9:25:20,9:30:20,9:35:20,9:40:20,9:46:20,9:53:20,10:00:20,10:08:20,10:16:20,10:24:20,10:32:20,10:40:20,10:48:20,10:56:20,11:04:20,11:12:20,11:20:20,11:28:20,11:36:20,11:44:20,11:52:20,12:00:20,12:08:20,12:16:20,12:24:20,12:32:20,12:40:20,12:48:20,12:56:20,13:04:20,13:12:20,13:20:20,13:28:20,13:36:20,13:44:20,13:52:20,14:00:20,14:08:20,14:16:20,14:24:20,14:32:20,14:40:20,14:48:20,14:56:20,15:04:20,15:12:20,15:20:20,15:28:20,15:36:20,15:44:20,15:52:20,16:00:20,16:08:20,16:16:20,16:24:20,16:32:20,16:40:20,16:48:20,16:56:20,17:04:20,17:12:20,17:20:20,17:28:20,17:35:20,17:41:20,17:47:20,17:52:20,17:57:20,18:02:20,18:07:20,18:12:20,18:17:20,18:22:20,18:27:20,18:32:20,18:37:20,18:42:20,18:47:20,18:52:20,18:57:20,19:02:20,19:08:20,19:15:20,19:22:20,19:30:20,19:38:20,19:46:20,19:54:20,20:02:20,20:10:20,20:18:20,20:26:20,20:34:20,20:42:20,20:50:20,20:58:20,21:06:20,21:14:20,21:22:20,21:30:20,21:38:20,21:46:20,21:54:20,22:02:20,22:10:20,22:18:20,22:26:20,22:34:20,22:42:20,22:50:20,22:58:20,23:07:20,23:16:20,23:26:20,23:36:20,23:47:20,23:58:30
1,평일(하),방촌,도착,5:55:30,6:09:20,6:22:50,6:34:50,6:45:50,6:55:50,7:05:50,7:14:50,7:23:50,7:31:50,7:38:50,7:44:50,7:50:50,7:56:50,8:01:50,8:06:50,8:11:50,8:16:50,8:21:50,8:26:50,8:31:50,8:36:50,8:41:50,8:46:50,8:51:50,8:56:50,9:01:50,9:06:50,9:11:50,9:16:50,9:21:50,9:26:50,9:31:50,9:36:50,9:41:50,9:47:50,9:54:50,10:01:50,10:09:50,10:17:50,10:25:50,10:33:50,10:41:50,10:49:50,10:57:50,11:05:50,11:13:50,11:21:50,11:29:50,11:37:50,11:45:50,11:53:50,12:01:50,12:09:50,12:17:50,12:25:50,12:33:50,12:41:50,12:49:50,12:57:50,13:05:50,13:13:50,13:21:50,13:29:50,13:37:50,13:45:50,13:53:50,14:01:50,14:09:50,14:17:50,14:25:50,14:33:50,14:41:50,14:49:50,14:57:50,15:05:50,15:13:50,15:21:50,15:29:50,15:37:50,15:45:50,15:53:50,16:01:50,16:09:50,16:17:50,16:25:50,16:33:50,16:41:50,16:49:50,16:57:50,17:05:50,17:13:50,17:21:50,17:29:50,17:36:50,17:42:50,17:48:50,17:53:50,17:58:50,18:03:50,18:08:50,18:13:50,18:18:50,18:23:50,18:28:50,18:33:50,18:38:50,18:43:50,18:48:50,18:53:50,18:58:50,19:03:50,19:09:50,19:16:50,19:23:50,19:31:50,19:39:50,19:47:50,19:55:50,20:03:50,20:11:50,20:19:50,20:27:50,20:35:50,20:43:50,20:51:50,20:59:50,21:07:50,21:15:50,21:23:50,21:31:50,21:39:50,21:47:50,21:55:50,22:03:50,22:11:50,22:19:50,22:27:50,22:35:50,22:43:50,22:51:50,22:59:50,23:08:50,23:17:50,23:27:50,23:37:50,23:48:50,0:00:00
1,평일(하),방촌,출발,5:55:55,6:09:45,6:23:15,6:35:15,6:46:15,6:56:15,7:06:15,7:15:15,7:24:15,7:32:15,7:39:15,7:45:15,7:51:15,7:57:15,8:02:15,8:07:15,8:12:15,8:17:15,8:22:15,8:27:15,8:32:15,8:37:15,8:42:15,8:47:15,8:52:15,8:57:15,9:02:15,9:07:15,9:12:15,9:17:15,9:22:15,9:27:15,9:32:15,9:37:15,9:42:15,9:48:15,9:55:15,10:02:15,10:10:15,10:18:15,10:26:15,10:34:15,10:42:15,10:50:15,10:58:15,11:06:15,11:14:15,11:22:15,11:30:15,11:38:15,11:46:15,11:54:15,12:02:15,12:10:15,12:18:15,12:26:15,12:34:15,12:42:15,12:50:15,12:58:15,13:06:15,13:14:15,13:22:15,13:30:15,13:38:15,13:46:15,13:54:15,14:02:15,14:10:15,14:18:15,14:26:15,14:34:15,14:42:15,14:50:15,14:58:15,15:06:15,15:14:15,15:22:15,15:30:15,15:38:15,15:46:15,15:54:15,16:02:15,16:10:15,16:18:15,16:26:15,16:34:15,16:42:15,16:50:15,16:58:15,17:06:15,17:14:15,17:22:15,17:30:15,17:37:15,17:43:15,17:49:15,17:54:15,17:59:15,18:04:15,18:09:15,18:14:15,18:19:15,18:24:15,18:29:15,18:34:15,18:39:15,18:44:15,18:49:15,18:54:15,18:59:15,19:04:15,19:10:15,19:17:15,19:24:15,19:32:15,19:40:15,19:48:15,19:56:15,20:04:15,20:12:15,20:20:15,20:28:15,20:36:15,20:44:15,20:52:15,21:00:15,21:08:15,21:16:15,21:24:15,21:32:15,21:40:15,21:48:15,21:56:15,22:04:15,22:12:15,22:20:15,22:28:15,22:36:15,22:44:15,22:52:15,23:00:15,23:09:15,23:18:15,23:28:15,23:38:15,23:49:15,
1,평일(하),용계,도착,5:57:20,6:11:10,6:24:40,6:36:40,6:47:40,6:57:40,7:07:40,7:16:40,7:25:40,7:33:40,7:40:40,7:46:40,7:52:40,7:58:40,8:03:40,8:08:40,8:13:40,8:18:40,8:23:40,8:28:40,8:33:40,8:38:40,8:43:40,8:48:40,8:53:40,8:58:40,9:03:40,9:08:40,9:13:40,9:18:40,9:23:40,9:28:40,9:33:40,9:38:40,9:43:40,9:49:40,9:56:40,10:03:40,10:11:40,10:19:40,10:27:40,10:35:40,10:43:40,10:51:40,10:59:40,11:07:40,11:15:40,11:23:40,11:31:40,11:39:40,11:47:40,11:55:40,12:03:40,12:11:40,12:19:40,12:27:40,12:35:40,12:43:40,12:51:40,12:59:40,13:07:40,13:15:40,13:23:40,13:31:40,13:39:40,13:47:40,13:55:40,14:03:40,14:11:40,14:19:40,14:27:40,14:35:40,14:43:40,14:51:40,14:59:40,15:07:40,15:15:40,15:23:40,15:31:40,15:39:40,15:47:40,15:55:40,16:03:40,16:11:40,16:19:40,16:27:40,16:35:40,16:43:40,16:51:40,16:59:40,17:07:40,17:15:40,17:23:40,17:31:40,17:38:40,17:44:40,17:50:40,17:55:40,18:00:40,18:05:40,18:10:40,18:15:40,18:20:40,18:25:40,18:30:40,18:35:40,18:40:40,18:45:40,18:50:40,18:55:40,19:00:40,19:05:40,19:11:40,19:18:40,19:25:40,19:33:40,19:41:40,19:49:40,19:57:40,20:05:40,20:13:40,20:21:40,20:29:40,20:37:40,20:45:40,20:53:40,21:01:40,21:09:40,21:17:40,21:25:40,21:33:40,21:41:40,21:49:40,21:57:40,22:05:40,22:13:40,22:21:40,22:29:40,22:37:40,22:45:40,22:53:40,23:01:40,23:10:40,23:19:40,23:29:40,23:39:40,23:50:40,
1,평일(하),용계,출발,5:57:45,6:11:35,6:25:05,6:37:05,6:48:05,6:58:05,7:08:05,7:17:05,7:26:05,7:34:05,7:41:05,7:47:05,7:53:05,7:59:05,8:04:05,8:09:05,8:14:05,8:19:05,8:24:05,8:29:05,8:34:05,8:39:05,8:44:05,8:49:05,8:54:05,8:59:05,9:04:05,9:09:05,9:14:05,9:19:05,9:24:05,9:29:05,9:34:05,9:39:05,9:44:05,9:50:05,9:57:05,10:04:05,10:12:05,10:20:05,10:28:05,10:36:05,10:44:05,10:52:05,11:00:05,11:08:05,11:16:05,11:24:05,11:32:05,11:40:05,11:48:05,11:56:05,12:04:05,12:12:05,12:20:05,12:28:05,12:36:05,12:44:05,12:52:05,13:00:05,13:08:05,13:16:05,13:24:05,13:32:05,13:40:05,13:48:05,13:56:05,14:04:05,14:12:05,14:20:05,14:28:05,14:36:05,14:44:05,14:52:05,15:00:05,15:08:05,15:16:05,15:24:05,15:32:05,15:40:05,15:48:05,15:56:05,16:04:05,16:12:05,16:20:05,16:28:05,16:36:05,16:44:05,16:52:05,17:00:05,17:08:05,17:16:05,17:24:05,17:32:05,17:39:05,17:45:05,17:51:05,17:56:05,18:01:05,18:06:05,18:11:05,18:16:05,18:21:05,18:26:05,18:31:05,18:36:05,18:41:05,18:46:05,18:51:05,18:56:05,19:01:05,19:06:05,19:12:05,19:19:05,19:26:05,19:34:05,19:42:05,19:50:05,19:58:05,20:06:05,20:14:05,20:22:05,20:30:05,20:38:05,20:46:05,20:54:05,21:02:05,21:10:05,21:18:05,21:26:05,21:34:05,21:42:05,21:50:05,21:58:05,22:06:05,22:14:05,22:22:05,22:30:05,22:38:05,22:46:05,22:54:05,23:02:05,23:11:05,23:20:05,23:30:05,23:40:05,23:51:05,
1,평일(하),율하,도착,5:59:25,6:13:15,6:26:45,6:38:45,6:49:45,6:59:45,7:09:45,7:18:45,7:27:45,7:35:45,7:42:45,7:48:45,7:54:45,8:00:45,8:05:45,8:10:45,8:15:45,8:20:45,8:25:45,8:30:45,8:35:45,8:40:45,8:45:45,8:50:45,8:55:45,9:00:45,9:05:45,9:10:45,9:15:45,9:20:45,9:25:45,9:30:45,9:35:45,9:40:45,9:45:45,9:51:45,9:58:45,10:05:45,10:13:45,10:21:45,10:29:45,10:37:45,10:45:45,10:53:45,11:01:45,11:09:45,11:17:45,11:25:45,11:33:45,11:41:45,11:49:45,11:57:45,12:05:45,12:13:45,12:21:45,12:29:45,12:37:45,12:45:45,12:53:45,13:01:45,13:09:45,13:17:45,13:25:45,13:33:45,13:41:45,13:49:45,13:57:45,14:05:45,14:13:45,14:21:45,14:29:45,14:37:45,14:45:45,14:53:45,15:01:45,15:09:45,15:17:45,15:25:45,15:33:45,15:41:45,15:49:45,15:57:45,16:05:45,16:13:45,16:21:45,16:29:45,16:37:45,16:45:45,16:53:45,17:01:45,17:09:45,17:17:45,17:25:45,17:33:45,17:40:45,17:46:45,17:52:45,17:57:45,18:02:45,18:07:45,18:12:45,18:17:45,18:22:45,18:27:45,18:32:45,18:37:45,18:42:45,18:47:45,18:52:45,18:57:45,19:02:45,19:07:45,19:13:45,19:20:45,19:27:45,19:35:45,19:43:45,19:51:45,19:59:45,20:07:45,20:15:45,20:23:45,20:31:45,20:39:45,20:47:45,20:55:45,21:03:45,21:11:45,21:19:45,21:27:45,21:35:45,21:43:45,21:51:45,21:59:45,22:07:45,22:15:45,22:23:45,22:31:45,22:39:45,22:47:45,22:55:45,23:03:45,23:12:45,23:21:45,23:31:45,23:41:45,23:52:45,
1,평일(하),율하,출발,5:59:50,6:13:40,6:27:10,6:39:10,6:50:10,7:00:10,7:10:10,7:19:10,7:28:10,7:36:10,7:43:10,7:49:10,7:55:10,8:01:10,8:06:10,8:11:10,8:16:10,8:21:10,8:26:10,8:31:10,8:36:10,8:41:10,8:46:10,8:51:10,8:56:10,9:01:10,9:06:10,9:11:10,9:16:10,9:21:10,9:26:10,9:31:10,9:36:10,9:41:10,9:46:10,9:52:10,9:59:10,10:06:10,10:14:10,10:22:10,10:30:10,10:38:10,10:46:10,10:54:10,11:02:10,11:10:10,11:18:10,11:26:10,11:34:10,11:42:10,11:50:10,11:58:10,12:06:10,12:14:10,12:22:10,12:30:10,12:38:10,12:46:10,12:54:10,13:02:10,13:10:10,13:18:10,13:26:10,13:34:10,13:42:10,13:50:10,13:58:10,14:06:10,14:14:10,14:22:10,14:30:10,14:38:10,14:46:10,14:54:10,15:02:10,15:10:10,15:18:10,15:26:10,15:34:10,15:42:10,15:50:10,15:58:10,16:06:10,16:14:10,16:22:10,16:30:10,16:38:10,16:46:10,16:54:10,17:02:10,17:10:10,17:18:10,17:26:10,17:34:10,17:41:10,17:47:10,17:53:10,17:58:10,18:03:10,18:08:10,18:13:10,18:18:10,18:23:10,18:28:10,18:33:10,18:38:10,18:43:10,18:48:10,18:53:10,18:58:10,19:03:10,19:08:10,19:14:10,19:21:10,19:28:10,19:36:10,19:44:10,19:52:10,20:00:10,20:08:10,20:16:10,20:24:10,20:32:10,20:40:10,20:48:10,20:56:10,21:04:10,21:12:10,21:20:10,21:28:10,21:36:10,21:44:10,21:52:10,22:00:10,22:08:10,22:16:10,22:24:10,22:32:10,22:40:10,22:48:10,22:56:10,23:04:10,23:13:10,23:22:10,23:32:10,23:42:10,23:53:10,
1,평일(하),신기,도착,6:01:15,6:15:05,6:28:35,6:40:35,6:51:35,7:01:35,7:11:35,7:20:35,7:29:35,7:37:35,7:44:35,7:50:35,7:56:35,8:02:35,8:07:35,8:12:35,8:17:35,8:22:35,8:27:35,8:32:35,8:37:35,8:42:35,8:47:35,8:52:35,8:57:35,9:02:35,9:07:35,9:12:35,9:17:35,9:22:35,9:27:35,9:32:35,9:37:35,9:42:35,9:47:35,9:53:35,10:00:35,10:07:35,10:15:35,10:23:35,10:31:35,10:39:35,10:47:35,10:55:35,11:03:35,11:11:35,11:19:35,11:27:35,11:35:35,11:43:35,11:51:35,11:59:35,12:07:35,12:15:35,12:23:35,12:31:35,12:39:35,12:47:35,12:55:35,13:03:35,13:11:35,13:19:35,13:27:35,13:35:35,13:43:35,13:51:35,13:59:35,14:07:35,14:15:35,14:23:35,14:31:35,14:39:35,14:47:35,14:55:35,15:03:35,15:11:35,15:19:35,15:27:35,15:35:35,15:43:35,15:51:35,15:59:35,16:07:35,16:15:35,16:23:35,16:31:35,16:39:35,16:47:35,16:55:35,17:03:35,17:11:35,17:19:35,17:27:35,17:35:35,17:42:35,17:48:35,17:54:35,17:59:35,18:04:35,18:09:35,18:14:35,18:19:35,18:24:35,18:29:35,18:34:35,18:39:35,18:44:35,18:49:35,18:54:35,18:59:35,19:04:35,19:09:35,19:15:35,19:22:35,19:29:35,19:37:35,19:45:35,19:53:35,20:01:35,20:09:35,20:17:35,20:25:35,20:33:35,20:41:35,20:49:35,20:57:35,21:05:35,21:13:35,21:21:35,21:29:35,21:37:35,21:45:35,21:53:35,22:01:35,22:09:35,22:17:35,22:25:35,22:33:35,22:41:35,22:49:35,22:57:35,23:05:35,23:14:35,23:23:35,23:33:35,23:43:35,23:54:35,
1,평일(하),신기,출발,6:01:40,6:15:30,6:29:00,6:41:00,6:52:00,7:02:00,7:12:00,7:21:00,7:30:00,7:38:00,7:45:00,7:51:00,7:57:00,8:03:00,8:08:00,8:13:00,8:18:00,8:23:00,8:28:00,8:33:00,8:38:00,8:43:00,8:48:00,8:53:00,8:58:00,9:03:00,9:08:00,9:13:00,9:18:00,9:23:00,9:28:00,9:33:00,9:38:00,9:43:00,9:48:00,9:54:00,10:01:00,10:08:00,10:16:00,10:24:00,10:32:00,10:40:00,10:48:00,10:56:00,11:04:00,11:12:00,11:20:00,11:28:00,11:36:00,11:44:00,11:52:00,12:00:00,12:08:00,12:16:00,12:24:00,12:32:00,12:40:00,12:48:00,12:56:00,13:04:00,13:12:00,13:20:00,13:28:00,13:36:00,13:44:00,13:52:00,14:00:00,14:08:00,14:16:00,14:24:00,14:32:00,14:40:00,14:48:00,14:56:00,15:04:00,15:12:00,15:20:00,15:28:00,15:36:00,15:44:00,15:52:00,16:00:00,16:08:00,16:16:00,16:24:00,16:32:00,16:40:00,16:48:00,16:56:00,17:04:00,17:12:00,17:20:00,17:28:00,17:36:00,17:43:00,17:49:00,17:55:00,18:00:00,18:05:00,18:10:00,18:15:00,18:20:00,18:25:00,18:30:00,18:35:00,18:40:00,18:45:00,18:50:00,18:55:00,19:00:00,19:05:00,19:10:00,19:16:00,19:23:00,19:30:00,19:38:00,19:46:00,19:54:00,20:02:00,20:10:00,20:18:00,20:26:00,20:34:00,20:42:00,20:50:00,20:58:00,21:06:00,21:14:00,21:22:00,21:30:00,21:38:00,21:46:00,21:54:00,22:02:00,22:10:00,22:18:00,22:26:00,22:34:00,22:42:00,22:50:00,22:58:00,23:06:00,23:15:00,23:24:00,23:34:00,23:44:00,23:55:00,
1,평일(하),반야월,도착,6:03:05,6:16:55,6:30:25,6:42:25,6:53:25,7:03:25,7:13:25,7:22:25,7:31:25,7:39:25,7:46:25,7:52:25,7:58:25,8:04:25,8:09:25,8:14:25,8:19:25,8:24:25,8:29:25,8:34:25,8:39:25,8:44:25,8:49:25,8:54:25,8:59:25,9:04:25,9:09:25,9:14:25,9:19:25,9:24:25,9:29:25,9:34:25,9:39:25,9:44:25,9:49:25,9:55:25,10:02:25,10:09:25,10:17:25,10:25:25,10:33:25,10:41:25,10:49:25,10:57:25,11:05:25,11:13:25,11:21:25,11:29:25,11:37:25,11:45:25,11:53:25,12:01:25,12:09:25,12:17:25,12:25:25,12:33:25,12:41:25,12:49:25,12:57:25,13:05:25,13:13:25,13:21:25,13:29:25,13:37:25,13:45:25,13:53:25,14:01:25,14:09:25,14:17:25,14:25:25,14:33:25,14:41:25,14:49:25,14:57:25,15:05:25,15:13:25,15:21:25,15:29:25,15:37:25,15:45:25,15:53:25,16:01:25,16:09:25,16:17:25,16:25:25,16:33:25,16:41:25,16:49:25,16:57:25,17:05:25,17:13:25,17:21:25,17:29:25,17:37:25,17:44:25,17:50:25,17:56:25,18:01:25,18:06:25,18:11:25,18:16:25,18:21:25,18:26:25,18:31:25,18:36:25,18:41:25,18:46:25,18:51:25,18:56:25,19:01:25,19:06:25,19:11:25,19:17:25,19:24:25,19:31:25,19:39:25,19:47:25,19:55:25,20:03:25,20:11:25,20:19:25,20:27:25,20:35:25,20:43:25,20:51:25,20:59:25,21:07:25,21:15:25,21:23:25,21:31:25,21:39:25,21:47:25,21:55:25,22:03:25,22:11:25,22:19:25,22:27:25,22:35:25,22:43:25,22:51:25,22:59:25,23:07:25,23:16:25,23:25:25,23:35:25,23:45:25,23:56:25,
1,평일(하),반야월,출발,6:03:30,6:17:20,6:30:50,6:42:50,6:53:50,7:03:50,7:13:50,7:22:50,7:31:50,7:39:50,7:46:50,7:52:50,7:58:50,8:04:50,8:09:50,8:14:50,8:19:50,8:24:50,8:29:50,8:34:50,8:39:50,8:44:50,8:49:50,8:54:50,8:59:50,9:04:50,9:09:50,9:14:50,9:19:50,9:24:50,9:29:50,9:34:50,9:39:50,9:44:50,9:49:50,9:55:50,10:02:50,10:09:50,10:17:50,10:25:50,10:33:50,10:41:50,10:49:50,10:57:50,11:05:50,11:13:50,11:21:50,11:29:50,11:37:50,11:45:50,11:53:50,12:01:50,12:09:50,12:17:50,12:25:50,12:33:50,12:41:50,12:49:50,12:57:50,13:05:50,13:13:50,13:21:50,13:29:50,13:37:50,13:45:50,13:53:50,14:01:50,14:09:50,14:17:50,14:25:50,14:33:50,14:41:50,14:49:50,14:57:50,15:05:50,15:13:50,15:21:50,15:29:50,15:37:50,15:45:50,15:53:50,16:01:50,16:09:50,16:17:50,16:25:50,16:33:50,16:41:50,16:49:50,16:57:50,17:05:50,17:13:50,17:21:50,17:29:50,17:37:50,17:44:50,17:50:50,17:56:50,18:01:50,18:06:50,18:11:50,18:16:50,18:21:50,18:26:50,18:31:50,18:36:50,18:41:50,18:46:50,18:51:50,18:56:50,19:01:50,19:06:50,19:11:50,19:17:50,19:24:50,19:31:50,19:39:50,19:47:50,19:55:50,20:03:50,20:11:50,20:19:50,20:27:50,20:35:50,20:43:50,20:51:50,20:59:50,21:07:50,21:15:50,21:23:50,21:31:50,21:39:50,21:47:50,21:55:50,22:03:50,22:11:50,22:19:50,22:27:50,22:35:50,22:43:50,22:51:50,22:59:50,23:07:50,23:16:50,23:25:50,23:35:50,23:45:50,23:56:50,
1,평일(하),각산,도착,6:04:50,6:18:40,6:32:10,6:44:10,6:55:10,7:05:10,7:15:10,7:24:10,7:33:10,7:41:10,7:48:10,7:54:10,8:00:10,8:06:10,8:11:10,8:16:10,8:21:10,8:26:10,8:31:10,8:36:10,8:41:10,8:46:10,8:51:10,8:56:10,9:01:10,9:06:10,9:11:10,9:16:10,9:21:10,9:26:10,9:31:10,9:36:10,9:41:10,9:46:10,9:51:10,9:57:10,10:04:10,10:11:10,10:19:10,10:27:10,10:35:10,10:43:10,10:51:10,10:59:10,11:07:10,11:15:10,11:23:10,11:31:10,11:39:10,11:47:10,11:55:10,12:03:10,12:11:10,12:19:10,12:27:10,12:35:10,12:43:10,12:51:10,12:59:10,13:07:10,13:15:10,13:23:10,13:31:10,13:39:10,13:47:10,13:55:10,14:03:10,14:11:10,14:19:10,14:27:10,14:35:10,14:43:10,14:51:10,14:59:10,15:07:10,15:15:10,15:23:10,15:31:10,15:39:10,15:47:10,15:55:10,16:03:10,16:11:10,16:19:10,16:27:10,16:35:10,16:43:10,16:51:10,16:59:10,17:07:10,17:15:10,17:23:10,17:31:10,17:39:10,17:46:10,17:52:10,17:58:10,18:03:10,18:08:10,18:13:10,18:18:10,18:23:10,18:28:10,18:33:10,18:38:10,18:43:10,18:48:10,18:53:10,18:58:10,19:03:10,19:08:10,19:13:10,19:19:10,19:26:10,19:33:10,19:41:10,19:49:10,19:57:10,20:05:10,20:13:10,20:21:10,20:29:10,20:37:10,20:45:10,20:53:10,21:01:10,21:09:10,21:17:10,21:25:10,21:33:10,21:41:10,21:49:10,21:57:10,22:05:10,22:13:10,22:21:10,22:29:10,22:37:10,22:45:10,22:53:10,23:01:10,23:09:10,23:18:10,23:27:10,23:37:10,23:47:10,23:58:10,
1,평일(하),각산,출발,6:05:15,6:19:05,6:32:35,6:44:35,6:55:35,7:05:35,7:15:35,7:24:35,7:33:35,7:41:35,7:48:35,7:54:35,8:00:35,8:06:35,8:11:35,8:16:35,8:21:35,8:26:35,8:31:35,8:36:35,8:41:35,8:46:35,8:51:35,8:56:35,9:01:35,9:06:35,9:11:35,9:16:35,9:21:35,9:26:35,9:31:35,9:36:35,9:41:35,9:46:35,9:51:35,9:57:35,10:04:35,10:11:35,10:19:35,10:27:35,10:35:35,10:43:35,10:51:35,10:59:35,11:07:35,11:15:35,11:23:35,11:31:35,11:39:35,11:47:35,11:55:35,12:03:35,12:11:35,12:19:35,12:27:35,12:35:35,12:43:35,12:51:35,12:59:35,13:07:35,13:15:35,13:23:35,13:31:35,13:39:35,13:47:35,13:55:35,14:03:35,14:11:35,14:19:35,14:27:35,14:35:35,14:43:35,14:51:35,14:59:35,15:07:35,15:15:35,15:23:35,15:31:35,15:39:35,15:47:35,15:55:35,16:03:35,16:11:35,16:19:35,16:27:35,16:35:35,16:43:35,16:51:35,16:59:35,17:07:35,17:15:35,17:23:35,17:31:35,17:39:35,17:46:35,17:52:35,17:58:35,18:03:35,18:08:35,18:13:35,18:18:35,18:23:35,18:28:35,18:33:35,18:38:35,18:43:35,18:48:35,18:53:35,18:58:35,19:03:35,19:08:35,19:13:35,19:19:35,19:26:35,19:33:35,19:41:35,19:49:35,19:57:35,20:05:35,20:13:35,20:21:35,20:29:35,20:37:35,20:45:35,20:53:35,21:01:35,21:09:35,21:17:35,21:25:35,21:33:35,21:41:35,21:49:35,21:57:35,22:05:35,22:13:35,22:21:35,22:29:35,22:37:35,22:45:35,22:53:35,23:01:35,23:09:35,23:18:35,23:27:35,23:37:35,23:47:35,23:58:35,
1,평일(하),안심,도착,6:06:40,6:20:30,6:34:00,6:46:00,6:57:00,7:07:00,7:17:00,7:26:00,7:35:00,7:43:00,7:50:00,7:56:00,8:02:00,8:08:00,8:13:00,8:18:00,8:23:00,8:28:00,8:33:00,8:38:00,8:43:00,8:48:00,8:53:00,8:58:00,9:03:00,9:08:00,9:13:00,9:18:00,9:23:00,9:28:00,9:33:00,9:38:00,9:43:00,9:48:00,9:53:00,9:59:00,10:06:00,10:13:00,10:21:00,10:29:00,10:37:00,10:45:00,10:53:00,11:01:00,11:09:00,11:17:00,11:25:00,11:33:00,11:41:00,11:49:00,11:57:00,12:05:00,12:13:00,12:21:00,12:29:00,12:37:00,12:45:00,12:53:00,13:01:00,13:09:00,13:17:00,13:25:00,13:33:00,13:41:00,13:49:00,13:57:00,14:05:00,14:13:00,14:21:00,14:29:00,14:37:00,14:45:00,14:53:00,15:01:00,15:09:00,15:17:00,15:25:00,15:33:00,15:41:00,15:49:00,15:57:00,16:05:00,16:13:00,16:21:00,16:29:00,16:37:00,16:45:00,16:53:00,17:01:00,17:09:00,17:17:00,17:25:00,17:33:00,17:41:00,17:48:00,17:54:00,18:00:00,18:05:00,18:10:00,18:15:00,18:20:00,18:25:00,18:30:00,18:35:00,18:40:00,18:45:00,18:50:00,18:55:00,19:00:00,19:05:00,19:10:00,19:15:00,19:21:00,19:28:00,19:35:00,19:43:00,19:51:00,19:59:00,20:07:00,20:15:00,20:23:00,20:31:00,20:39:00,20:47:00,20:55:00,21:03:00,21:11:00,21:19:00,21:27:00,21:35:00,21:43:00,21:51:00,21:59:00,22:07:00,22:15:00,22:23:00,22:31:00,22:39:00,22:47:00,22:55:00,23:03:00,23:11:00,23:20:00,23:29:00,23:39:00,23:49:00,0:00:00,
1,평일(하),안심,출발,6:07:05,6:20:55,6:34:25,6:46:25,6:57:25,7:07:25,7:17:25,7:26:25,7:35:25,,7:50:25,,8:02:25,,8:13:25,,8:23:25,,8:33:25,,8:43:25,,8:53:25,,9:03:25,,9:13:25,,9:23:25,,9:33:25,,9:43:25,,9:53:25,,10:06:25,,10:21:25,,10:37:25,,10:53:25,,11:09:25,,11:25:25,,11:41:25,,11:57:25,,12:13:25,,12:29:25,,12:45:25,,13:01:25,,13:17:25,,13:33:25,,13:49:25,,14:05:25,,14:21:25,,14:37:25,,14:53:25,,15:09:25,,15:25:25,,15:41:25,,15:57:25,,16:13:25,,16:29:25,,16:45:25,,17:01:25,,17:17:25,,17:33:25,,17:48:25,,18:00:25,,18:10:25,,18:20:25,,18:30:25,,18:40:25,,18:50:25,,19:00:25,,19:10:25,,19:21:25,,19:35:25,,19:51:25,,20:07:25,,20:23:25,,20:39:25,,20:55:25,,21:11:25,,21:27:25,,21:43:25,,21:59:25,,22:15:25,,22:31:25,,22:47:25,,23:03:25,,23:20:25,,23:39:25,23:49:25,,
1,평일(하),대구한의대병원,도착,6:09:25,6:23:15,6:36:45,6:48:45,6:59:45,7:09:45,7:19:45,7:28:45,7:37:45,,7:52:45,,8:04:45,,8:15:45,,8:25:45,,8:35:45,,8:45:45,,8:55:45,,9:05:45,,9:15:45,,9:25:45,,9:35:45,,9:45:45,,9:55:45,,10:08:45,,10:23:45,,10:39:45,,10:55:45,,11:11:45,,11:27:45,,11:43:45,,11:59:45,,12:15:45,,12:31:45,,12:47:45,,13:03:45,,13:19:45,,13:35:45,,13:51:45,,14:07:45,,14:23:45,,14:39:45,,14:55:45,,15:11:45,,15:27:45,,15:43:45,,15:59:45,,16:15:45,,16:31:45,,16:47:45,,17:03:45,,17:19:45,,17:35:45,,17:50:45,,18:02:45,,18:12:45,,18:22:45,,18:32:45,,18:42:45,,18:52:45,,19:02:45,,19:12:45,,19:23:45,,19:37:45,,19:53:45,,20:09:45,,20:25:45,,20:41:45,,20:57:45,,21:13:45,,21:29:45,,21:45:45,,22:01:45,,22:17:45,,22:33:45,,22:49:45,,23:05:45,,23:22:45,,23:41:45,23:51:45,,
1,평일(하),대구한의대병원,출발,6:09:50,6:23:40,6:37:10,6:49:10,7:00:10,7:10:10,7:20:10,7:29:10,7:38:10,,7:53:10,,8:05:10,,8:16:10,,8:26:10,,8:36:10,,8:46:10,,8:56:10,,9:06:10,,9:16:10,,9:26:10,,9:36:10,,9:46:10,,9:56:10,,10:09:10,,10:24:10,,10:40:10,,10:56:10,,11:12:10,,11:28:10,,11:44:10,,12:00:10,,12:16:10,,12:32:10,,12:48:10,,13:04:10,,13:20:10,,13:36:10,,13:52:10,,14:08:10,,14:24:10,,14:40:10,,14:56:10,,15:12:10,,15:28:10,,15:44:10,,16:00:10,,16:16:10,,16:32:10,,16:48:10,,17:04:10,,17:20:10,,17:36:10,,17:51:10,,18:03:10,,18:13:10,,18:23:10,,18:33:10,,18:43:10,,18:53:10,,19:03:10,,19:13:10,,19:24:10,,19:38:10,,19:54:10,,20:10:10,,20:26:10,,20:42:10,,20:58:10,,21:14:10,,21:30:10,,21:46:10,,22:02:10,,22:18:10,,22:34:10,,22:50:10,,23:06:10,,23:23:10,,23:42:10,23:52:10,,
1,평일(하),부호(경일대호산대),도착,6:15:50,6:29:40,6:43:10,6:55:10,7:06:10,7:16:10,7:26:10,7:35:10,7:44:10,,7:59:10,,8:11:10,,8:22:10,,8:32:10,,8:42:10,,8:52:10,,9:02:10,,9:12:10,,9:22:10,,9:32:10,,9:42:10,,9:52:10,,10:02:10,,10:15:10,,10:30:10,,10:46:10,,11:02:10,,11:18:10,,11:34:10,,11:50:10,,12:06:10,,12:22:10,,12:38:10,,12:54:10,,13:10:10,,13:26:10,,13:42:10,,13:58:10,,14:14:10,,14:30:10,,14:46:10,,15:02:10,,15:18:10,,15:34:10,,15:50:10,,16:06:10,,16:22:10,,16:38:10,,16:54:10,,17:10:10,,17:26:10,,17:42:10,,17:57:10,,18:09:10,,18:19:10,,18:29:10,,18:39:10,,18:49:10,,18:59:10,,19:09:10,,19:19:10,,19:30:10,,19:44:10,,20:00:10,,20:16:10,,20:32:10,,20:48:10,,21:04:10,,21:20:10,,21:36:10,,21:52:10,,22:08:10,,22:24:10,,22:40:10,,22:56:10,,23:12:10,,23:29:10,,23:48:10,23:58:10,,
1,평일(하),부호(경일대호산대),출발,6:16:15,6:30:05,6:43:35,6:55:35,7:06:35,7:16:35,7:26:35,7:35:35,7:44:35,,7:59:35,,8:11:35,,8:22:35,,8:32:35,,8:42:35,,8:52:35,,9:02:35,,9:12:35,,9:22:35,,9:32:35,,9:42:35,,9:52:35,,10:02:35,,10:15:35,,10:30:35,,10:46:35,,11:02:35,,11:18:35,,11:34:35,,11:50:35,,12:06:35,,12:22:35,,12:38:35,,12:54:35,,13:10:35,,13:26:35,,13:42:35,,13:58:35,,14:14:35,,14:30:35,,14:46:35,,15:02:35,,15:18:35,,15:34:35,,15:50:35,,16:06:35,,16:22:35,,16:38:35,,16:54:35,,17:10:35,,17:26:35,,17:42:35,,17:57:35,,18:09:35,,18:19:35,,18:29:35,,18:39:35,,18:49:35,,18:59:35,,19:09:35,,19:19:35,,19:30:35,,19:44:35,,20:00:35,,20:16:35,,20:32:35,,20:48:35,,21:04:35,,21:20:35,,21:36:35,,21:52:35,,22:08:35,,22:24:35,,22:40:35,,22:56:35,,23:12:35,,23:29:35,,23:48:35,23:58:35,,
1,평일(하),하양(대구가톨릭대),도착,6:18:40,6:32:30,6:46:00,6:58:00,7:09:00,7:19:00,7:29:00,7:38:00,7:47:00,,8:02:00,,8:14:00,,8:25:00,,8:35:00,,8:45:00,,8:55:00,,9:05:00,,9:15:00,,9:25:00,,9:35:00,,9:45:00,,9:55:00,,10:05:00,,10:18:00,,10:33:00,,10:49:00,,11:05:00,,11:21:00,,11:37:00,,11:53:00,,12:09:00,,12:25:00,,12:41:00,,12:57:00,,13:13:00,,13:29:00,,13:45:00,,14:01:00,,14:17:00,,14:33:00,,14:49:00,,15:05:00,,15:21:00,,15:37:00,,15:53:00,,16:09:00,,16:25:00,,16:41:00,,16:57:00,,17:13:00,,17:29:00,,17:45:00,,18:00:00,,18:12:00,,18:22:00,,18:32:00,,18:42:00,,18:52:00,,19:02:00,,19:12:00,,19:22:00,,19:33:00,,19:47:00,,20:03:00,,20:19:00,,20:35:00,,20:51:00,,21:07:00,,21:23:00,,21:39:00,,21:55:00,,22:11:00,,22:27:00,,22:43:00,,22:59:00,,23:15:00,,23:32:00,,23:51:00,0:01:00,,
